Latitude,Longitude,Elevation,HR,TP,Distance,cumDistance
39.45745,-0.35457,15.22,,,0.0,0.0
39.45787,-0.35427,14.31,,,0.05333320441658107,0.05333320441658107
39.45872000053986,-0.3539200042676615,14.090000000000002,,,0.09917712965624208,0.15251033407282316
39.45957000000001,-0.35357,14.24,,,0.09917712608093454,0.2516874601537577
39.45966000000001,-0.35347,14.23,,,0.013185375609439479,0.2648728357631972
39.45967,-0.35328,13.670000000000002,,,0.016349453181322995,0.28122228894452017
39.45971,-0.35314,13.46,,,0.012815649395080472,0.2940379383396006
39.45978,-0.353,13.22,,,0.014319318062848233,0.3083572564024489
39.45983,-0.35292,13.13,,,0.008836321237760793,0.31719357764020967
39.45996,-0.35281,12.910000000000002,,,0.017266644972819083,0.33446022261302877
39.46011,-0.35275,12.910000000000002,,,0.017456513029409503,0.35191673564243825
39.460240000000006,-0.35274,12.83,,,0.014480811031577065,0.3663975466740153
39.460330000000006,-0.35277,12.83,,,0.010333638547031303,0.3767311852210466
39.46043,-0.35282,12.69,,,0.01191924969769923,0.38865043491874585
39.46057,-0.35294,12.69,,,0.018667362588219088,0.40731779750696495
39.46066,-0.3531,12.42,,,0.016994873005188097,0.42431267051215305
39.461180000000006,-0.35291,12.29,,,0.060078019944294785,0.48439069045644784
39.46167499992725,-0.3527050015626284,12.25,,,0.05778651618831488,0.5421772066447628
39.46217,-0.3525,12.44,,,0.0577865751901476,0.5999637818349104
39.462140000000005,-0.3522,11.260000000000002,,,0.025969372619968133,0.6259331544548785
39.46187168612538,-0.351246648289829,10.26,,,0.08711147216835752,0.713044626623236
39.4616033644671,-0.3502933039302757,9.86,,,0.08711147216730905,0.8001560987905451
39.46133503502527,-0.3493399669214263,9.12,,,0.08711147216847853,0.8872675709590236
39.46106669780008,-0.3483866372633672,9.91,,,0.08711147216726206,0.9743790431262858
39.46079835279159,-0.3474333149561849,10.6,,,0.08711147216823778,1.0614905152945235
39.460530000000006,-0.34648,9.63,,,0.08711147216454038,1.1486019874590638
39.46027835814892,-0.3454033138552726,8.77,,,0.09657549279590896,1.2451774802549729
39.46002670637006,-0.3443266354958803,6.16,,,0.0965754927960195,1.3417529730509923
39.4597750446636,-0.3432499649220039,5.04,,,0.09657549279579764,1.4383284658467899
39.4595233730297,-0.3421733021338248,5.69,,,0.09657549279580789,1.5349039586425977
39.45927169146852,-0.3410966471315241,4.920000000000001,,,0.0965754927954667,1.6314794514380644
39.45902,-0.34002,3.95,,,0.0965754851969267,1.728054936634991
39.459030000000006,-0.34002,7.5,,,0.0011119492665983002,1.7291668859015894
39.45893000773072,-0.3390699972871661,6.83,,,0.0823134109110152,1.8114802968126047
39.45883000773246,-0.3381199973038435,6.94,,,0.0823134109112201,1.8937937077238247
39.45873,-0.33717,6.7700000000000005,,,0.0823134152631431,1.9761071229869678
39.45879667429093,-0.3362266684250657,6.0600000000000005,,,0.08132518398465367,2.0574323069716214
39.45886334096105,-0.3352833350430665,6.16,,,0.08132518398483052,2.138757490956452
39.45893,-0.33434,6.17,,,0.0813251714151892,2.220082662371641
39.45915000205545,-0.3336400023483536,5.840000000000001,,,0.06488402233705193,2.284966684708693
39.45937,-0.33294,6.390000000000001,,,0.0648840475328469,2.34985073224154
39.45945,-0.33288,6.960000000000001,,,0.010279343610524346,2.360130075852064
39.459520000000005,-0.33288,6.960000000000001,,,0.0077836448661881,2.367913720718252
39.45975000000001,-0.33295,7.31,,,0.026271403450926996,2.3941851241691787
39.459880000000005,-0.33296,7.29,,,0.014480811294112734,2.4086659354632913
39.460060000000006,-0.33293,7.1000000000000005,,,0.020180111998553,2.4288460474618443
39.460080000000005,-0.33284,7.320000000000001,,,0.008040182853401977,2.4368862303152463
39.46018,-0.33274,6.960000000000001,,,0.014047961829352196,2.4509341921445986
39.460786670582216,-0.3320633451356737,7.08,,,0.08902347462390403,2.539957666768503
39.46139333724322,-0.3313866784755125,7.07,,,0.08902347462375254,2.6289811413922552
39.462,-0.33071,6.95,,,0.0890234771387997,2.718004618531055
39.46225,-0.33038,6.8100000000000005,,,0.039690546716409154,2.757695165247464
39.46247,-0.32996,6.640000000000001,,,0.04357125977806104,2.801266425025525
39.46266000000001,-0.3295,6.880000000000001,,,0.044785927223587235,2.8460523522491123
39.462610000000005,-0.32938,6.880000000000001,,,0.011706160124910776,2.8577585123740232
39.462610000000005,-0.32918,7.050000000000001,,,0.01716937533836078,2.874927887712384
39.462680000000006,-0.32902,7.300000000000001,,,0.01578761873506345,2.8907155064474477
39.462810000000005,-0.32892,7.300000000000001,,,0.0168123003897555,2.9075278068372032
39.46289,-0.32878,7.59,,,0.014952473006142749,2.922480279843346
39.462950000000006,-0.32852,7.57,,,0.023295876755018635,2.9457761565983644
39.46296,-0.32851,7.57,,,0.00140477488847688,2.9471809314868413
39.46309,-0.32737,7.51,,,0.09892667427167483,3.0461076057585164
39.4631,-0.32641,7.55,,,0.08241992846044736,3.128527534218964
39.46316,-0.3264,7.790000000000001,,,0.006726699025181685,3.1352542332441455
39.46316000154156,-0.3258000000534963,7.710000000000001,,,0.05150771437455312,3.186761947618699
39.46316,-0.3252,7.46,,,0.05150772355945828,3.238269671178157
39.46321,-0.3251,7.34,,,0.010227728189384933,3.2484973993675417
39.463260000000005,-0.3251,7.34,,,0.0055597463329915,3.254057145700533
39.46332,-0.32501,7.2,,,0.010208075930712043,3.264265221631245
39.46349,-0.32497,7.1000000000000005,,,0.019212491692899243,3.283477713324144
39.464159999922494,-0.3249250004390165,7.04,,,0.07460067724579869,3.358078390569943
39.464830000000006,-0.32488,6.760000000000001,,,0.07460069643742438,3.4326790870073673
39.465520000000005,-0.3249,6.760000000000001,,,0.07674370634153842,3.509422793348906
39.46553,-0.32479,4.3,,,0.00950800530088805,3.518930798649794
39.465520000000005,-0.3249,6.760000000000001,,,0.00950800530088805,3.528438803950682
39.46569,-0.32494,6.8100000000000005,,,0.01921247229146861,3.5476512762421506
39.46604000000001,-0.32497,6.930000000000001,,,0.03900333680523831,3.586654613047389
39.46674,-0.32504,6.930000000000001,,,0.07806804902436236,3.6647226620717515
39.46713,-0.32511,6.930000000000001,,,0.0437803470252254,3.708503009096977
39.467290000000006,-0.32519,6.86,,,0.019070556805426478,3.727573565902403
39.4673,-0.32529,7.08,,,0.008655828760677012,3.7362293946630802
39.46737,-0.32539,7.08,,,0.011587578825147587,3.7478169734882276
39.46743,-0.32544,7.08,,,0.00793304491736641,3.755750018405594
39.46751,-0.32543,6.98,,,0.00893691561081771,3.7646869340164115
39.4676,-0.32537,6.69,,,0.011255133280461063,3.7759420672968727
39.467940000000006,-0.32549,6.800000000000001,,,0.03918446349540237,3.815126530792275
39.46839000000001,-0.32552,6.800000000000001,,,0.050103939769550264,3.865230470561825
39.46921571428313,-0.3255171430605905,6.85,,,0.09181556665401834,3.9570460372158434
39.47004142856621,-0.3255142860533743,6.9,,,0.09181556665684029,4.048861603872684
39.4708671428492,-0.3255114289783479,6.78,,,0.09181556665471137,4.140677170527395
39.47169285713212,-0.3255085718355076,6.55,,,0.09181556665470487,4.2324927371821
39.47251857141497,-0.3255057146248499,6.44,,,0.09181556665540606,4.324308303837506
39.47334428569776,-0.3255028573463711,5.790000000000001,,,0.09181556665540039,4.416123870492906
39.47417,-0.3255,6.0,,,0.09181556882617743,4.507939439319084
39.47436,-0.32552,6.0,,,0.02119666341429757,4.529136102733381
39.4746,-0.32567,5.620000000000001,,,0.029630149033544988,4.558766251766926
39.47462,-0.32587,6.7,,,0.017309867590755916,4.5760761193576815
39.474630000000005,-0.32627,6.930000000000001,,,0.034350823689591116,4.610426943047273
39.47467,-0.32639,7.0,,,0.011219164925221006,4.621646107972493
39.47473,-0.32644,7.0,,,0.007932801299554437,4.629578909272047
39.47476,-0.32654,7.0,,,0.009208639554723643,4.638787548826771
39.474810000000005,-0.32738,6.94,,,0.07231280651129231,4.711100355338064
39.47491,-0.3278,6.59,,,0.037725298098230796,4.7488256534362945
39.47520001740652,-0.328807983197503,6.8100000000000005,,,0.09233151536273575,4.84115716879903
39.47549002611076,-0.3298159747993043,7.03,,,0.09233151536092472,4.933488684159954
39.475780026112616,-0.3308239748053084,7.21,,,0.09233151536170095,5.025820199521655
39.47607001741192,-0.3318319832154197,7.53,,,0.0923315153618501,5.1181517148835045
39.47636000000001,-0.33284,7.9,,,0.09233151265612374,5.210483227539628
39.47643,-0.33296,8.58,,,0.012909940673550956,5.223393168213179
39.47655,-0.33301,8.58,,,0.014016524361056463,5.237409692574236
39.47665000000001,-0.33311,8.75,,,0.014046720264320288,5.251456412838556
39.47668,-0.33318,8.75,,,0.0068720271587603245,5.2583284399973165
39.47671,-0.3333,8.83,,,0.01082628312904396,5.26915472312636
39.47671,-0.33342,8.76,,,0.010299537858706626,5.279454260985067
39.476690000000005,-0.33354,8.74,,,0.010536898750808392,5.289991159735875
39.47664,-0.33364,8.74,,,0.01022633241492785,5.300217492150803
39.47666,-0.33382,8.55,,,0.015608562286634414,5.315826054437437
39.47671,-0.33398,8.55,,,0.014815479573943675,5.330641534011381
39.47692,-0.33474,8.860000000000001,,,0.06928390307536009,5.399925437086741
39.47722073167868,-0.3357812703148883,9.12,,,0.09542242532433359,5.495347862411074
39.47752145407076,-0.3368225496329963,9.38,,,0.09542242532527755,5.590770287736351
39.47782216717604,-0.3378638379542203,9.77,,,0.09542242532481539,5.686192713061167
39.47812287099434,-0.3389051352784562,9.74,,,0.09542242532463563,5.781615138385803
39.478423565525496,-0.3399464416056003,9.93,,,0.09542242532477556,5.877037563710578
39.47872425076931,-0.3409877569355484,10.11,,,0.09542242532472481,5.972459989035303
39.47902492672563,-0.3420290812681967,10.28,,,0.09542242532522428,6.067882414360527
39.47932559339424,-0.343070414603441,10.41,,,0.09542242532478436,6.163304839685312
39.47962625077498,-0.3441117569411777,10.64,,,0.09542242532442567,6.258727265009737
39.47992689886767,-0.3451531082813024,10.76,,,0.09542242532484906,6.354149690334586
39.480227537672135,-0.3461944686237114,10.98,,,0.09542242532485272,6.449572115659439
39.48052816718819,-0.3472358379683002,11.18,,,0.09542242532512953,6.544994540984569
39.48082878741564,-0.3482772163149653,11.32,,,0.09542242532426602,6.640416966308835
39.48112939835434,-0.349318603663602,11.080000000000002,,,0.09542242532516103,6.735839391633996
39.48143,-0.35036,10.86,,,0.09542242403209779,6.831261815666093
39.481480000000005,-0.35046,10.8,,,0.010225836361781185,6.841487652027874
39.48143,-0.35036,10.8,,,0.010225836361781185,6.851713488389655
39.48118,-0.35046,11.05,,,0.029093414198258175,6.8808069025879135
39.48087,-0.34937,5.090000000000001,,,0.09969704506725172,6.980503947655166
39.48058751105208,-0.3484424886974792,5.090000000000001,,,0.08557653923603824,7.066080486891204
39.48030501473577,-0.3475149849291487,5.090000000000001,,,0.08557653923656112,7.151657026127765
39.48002251105122,-0.3465874886950681,9.73,,,0.08557653923658343,7.237233565364348
39.47974000000001,-0.34566,9.73,,,0.08557653880222034,7.322810104166568
39.479690000000005,-0.34568,9.36,,,0.005818694415114398,7.328628798581683
39.479670000000006,-0.34565,9.41,,,0.0034022328765582937,7.332031031458241
39.47963,-0.34564,9.41,,,0.004529846186663799,7.336560877644905
39.47959,-0.34552,9.29,,,0.011218490718549726,7.3477793683634545
39.4788900004954,-0.3458600034214644,8.73,,,0.08312670976967283,7.430906078133127
39.478190000000005,-0.3462,9.74,,,0.08312670984861172,7.514032787981739
39.47739500053414,-0.3465400038690742,10.02,,,0.09309203514024719,7.607124823121986
39.476600000000005,-0.34688,10.09,,,0.09309204429222245,7.700216867414209
39.47614999999934,-0.3470600012201563,10.41,,,0.052368499538625865,7.752585366952835
39.4757,-0.34724,10.41,,,0.0523684670902957,7.804953834043131
39.47501500032585,-0.3475350029249189,10.83,,,0.0802668259849345,7.885220660028065
39.47433,-0.34783,11.43,,,0.0802668150091219,7.965487475037187
39.474320000000006,-0.34784,11.43,,,0.0014046891771557375,7.966892164214342
39.474230000000006,-0.34794,11.49,,,0.0131841982012908,7.980076362415633
39.4742,-0.34806,11.48,,,0.01082663244582703,7.99090299486146
39.4742,-0.34835,11.48,,,0.024891447912984813,8.015794442774444
39.47444750900357,-0.3491874910358292,11.7,,,0.07697233123626218,8.092766774010707
39.474695011999806,-0.3500249880308125,12.090000000000002,,,0.07697233123673454,8.169739105247443
39.4749425089886,-0.3508624909849004,12.3,,,0.07697233123597749,8.24671143648342
39.475190000000005,-0.3517,12.650000000000002,,,0.07697234060708734,8.323683777090507
39.475350000000006,-0.35203,12.8,,,0.033448366536756285,8.357132143627263
39.47551,-0.35221,12.97,,,0.023563027049714757,8.380695170676978
39.47558,-0.35234,12.97,,,0.01360465095150079,8.39429982162848
39.47559,-0.35242,12.990000000000002,,,0.006955920943116834,8.401255742571596
39.47558,-0.35255,12.95,,,0.011213281772737347,8.412469024344334
39.47554,-0.35264,12.95,,,0.008913761366609757,8.421382785710945
39.47559,-0.35314,12.98,,,0.04327408472109022,8.464656870432036
39.47587000370847,-0.3540649964232139,13.4,,,0.08527982913886031,8.549936699570896
39.47615,-0.35499,13.750000000000002,,,0.08527980215349391,8.63521650172439
39.47627000000001,-0.35522,13.9,,,0.023827507656952445,8.659044009381342
39.47639,-0.35526,13.96,,,0.013777987422125791,8.672821996803467
39.47652,-0.35536,14.07,,,0.01681143682378348,8.68963343362725
39.47662,-0.35537,14.03,,,0.011152568766131573,8.700786002393382
39.47681,-0.35532,14.260000000000002,,,0.021558487891271152,8.722344490284653
39.47738666739156,-0.3550400046165216,14.35,,,0.06847785988205153,8.790822350166705
39.47796333411164,-0.3547600045906472,14.23,,,0.06847785988200573,8.85930021004871
39.47854,-0.35448,14.05,,,0.06847784085726705,8.927778050905978
39.47909000000001,-0.35414,13.86,,,0.0677624031034069,8.995540454009385
39.47937,-0.35391,13.91,,,0.03686505436985247,9.032405508379238
39.47952,-0.35375,13.88,,,0.021604853718518377,9.054010362097756
39.47986500074269,-0.3533500019174045,13.62,,,0.05148036682060171,9.105490728918358
39.48021000000001,-0.35295,13.13,,,0.051480349668661864,9.15697107858702
39.48044,-0.35263,12.93,,,0.03752790649820831,9.194498985085229
39.48095,-0.35181,12.12,,,0.09038118738523805,9.284880172470467
39.48095,-0.3518,6.15,,,0.0008582425044179411,9.285738414974885
39.481300000000005,-0.35189,5.78,,,0.03967733459244005,9.325415749567325
39.481660000000005,-0.35196,5.3500000000000005,,,0.040478471776470716,9.365894221343796
39.48248,-0.35152,8.32,,,0.09869010349815102,9.464584324841947
39.48331000089593,-0.3517249877659293,11.82,,,0.09395363908878344,9.55853796393073
39.484140001431925,-0.3519299804247509,11.840000000000002,,,0.09395363908737331,9.652491603018104
39.484970001607984,-0.3521349779767239,11.73,,,0.09395363908806309,9.746445242106168
39.48580000142408,-0.3523399804221075,11.61,,,0.0939536390887682,9.840398881194936
39.48663000088018,-0.3525449877611608,11.670000000000002,,,0.09395363908670773,9.934352520281644
39.487460000000006,-0.35275,11.9,,,0.09395364177251506,10.02830616205416
39.4876,-0.35282,11.91,,,0.016686105296153393,10.044992267350313
39.487770000000005,-0.35299,12.29,,,0.023878003645861286,10.068870270996175
39.48781,-0.35319,12.43,,,0.017730116353377793,10.086600387349552
39.48785,-0.35326,12.43,,,0.007474502511845821,10.094074889861398
39.48796,-0.35337,12.43,,,0.01545045469960822,10.109525344561007
39.48803,-0.3534,12.43,,,0.0081983538697216,10.117723698430728
39.48814,-0.35341,12.52,,,0.012261508911421054,10.129985207342148
39.488240000000005,-0.35338,12.52,,,0.011413630391988902,10.141398837734137
39.488310000000006,-0.35332,12.49,,,0.009332546758862258,10.150731384493
39.48836,-0.35325,12.49,,,0.00818508058573285,10.158916465078732
39.48854,-0.35325,12.1,,,0.020015086795940107,10.178931551874673
39.488580000000006,-0.35326,12.1,,,0.004529825355561684,10.183461377230234
39.489303335812366,-0.3537966555097353,12.13,,,0.09268250487426666,10.2761438821045
39.490026669157785,-0.354333322185171,12.29,,,0.09268250487586249,10.368826386980363
39.490750000000006,-0.35487,12.35,,,0.09268250024872138,10.461508887229083
39.490750000000006,-0.35488,12.35,,,0.0008581215647429659,10.462367008793827
39.49147000362423,-0.3554124834423552,12.62,,,0.09218244320724749,10.554549452001075
39.492190004819655,-0.3559449779134187,12.98,,,0.0921824432058031,10.646731895206878
39.49291000358619,-0.3564774834136642,13.43,,,0.0921824432072383,10.738914338414117
39.49363,-0.35701,13.72,,,0.09218245297570662,10.831096791389824
39.49376,-0.35723,14.02,,,0.02377669075512188,10.854873482144946
39.49376,-0.35722,14.02,,,0.0008580844139502323,10.855731566558896
39.4938,-0.35744,14.300000000000002,,,0.019394746263820446,10.875126312822717
39.49378,-0.35769,14.300000000000002,,,0.021567066697272763,10.89669337951999
39.493840000000006,-0.35796,14.55,,,0.02410974720042362,10.920803126720413
39.49372,-0.35824,13.44,,,0.027482938414582245,10.948286065134996
39.4933750015196,-0.3588450030866175,13.49,,,0.06455050521060529,11.0128365703456
39.493030000000005,-0.35945,13.3,,,0.06455048721920235,11.077387057564803
39.493030000000005,-0.35946,13.3,,,0.0008580934241574547,11.07824515098896
39.492560000000005,-0.36028,13.04,,,0.08764904270132894,11.16589419369029
39.49237,-0.36057,13.0,,,0.032643689663775274,11.198537883354065
39.491890000000005,-0.3612,13.22,,,0.07596896950462084,11.274506852858686
39.491890000000005,-0.36122,13.22,,,0.0017162149892401269,11.276223067847926
39.491600000000005,-0.36163,13.46,,,0.04772468501637113,11.323947752864298
39.49118,-0.36237,13.72,,,0.07882491241337106,11.402772665277668
39.490680000000005,-0.36324,14.25,,,0.09308412017524245,11.495856785452911
39.490680000000005,-0.36323,14.24,,,0.0008581224286910753,11.496714907881602
39.490390000000005,-0.36374,14.67,,,0.05436134329158643,11.551076251173189
39.49029,-0.36373,14.300000000000002,,,0.011152555690853855,11.562228806864043
39.49009,-0.36359,14.470000000000002,,,0.02527654697271771,11.587505353836761
39.490010000000005,-0.36357,14.470000000000002,,,0.009059643742390029,11.59656499757915
39.48993,-0.36362,14.76,,,0.009876301104524579,11.606441298683675
39.48991,-0.36349,14.92,,,0.011375221696034391,11.61781652037971
39.48960500427648,-0.3624899955925918,14.57,,,0.092272201575324,11.710088721955035
39.4893,-0.36149,14.83,,,0.09227219772203045,11.802360919677065
39.48873000064343,-0.3617700046044051,15.02,,,0.06778288678061398,11.87014380645768
39.48816000061531,-0.362050004618162,15.12,,,0.06778288677957903,11.937926693237259
39.48759,-0.36233,15.27,,,0.06778287674997109,12.00570956998723
39.48688500064562,-0.3627050037788325,15.14,,,0.08474084179143818,12.090450411778669
39.48618,-0.36308,15.27,,,0.08474085221521581,12.175191263993884
39.485645000431184,-0.363350002017156,15.18,,,0.06384252325014537,12.23903378724403
39.485110000000006,-0.36362,15.27,,,0.06384255164458039,12.302876338888609
39.48453000000001,-0.36389,15.62,,,0.06852927598406269,12.371405614872671
39.48443,-0.36391,15.510000000000002,,,0.011251183885694465,12.382656798758365
39.48413,-0.36406,15.54,,,0.035756156512148876,12.418412955270513
39.48340000279448,-0.3644216856508193,15.91,,,0.08690444047252921,12.505317395743042
39.482670004468496,-0.3647833637088079,16.03,,,0.08690444047248723,12.59222183621553
39.48194000502208,-0.3651450341743109,16.39,,,0.08690444047461163,12.679126276690141
39.481210004455335,-0.365506697047673,16.64,,,0.08690444047162618,12.766030717161767
39.48048000276828,-0.3658683523292391,16.71,,,0.08690444047146216,12.85293515763323
39.47975,-0.36623,16.240000000000002,,,0.0869044358243351,12.939839593457565
39.47913333400603,-0.3665033381653346,16.080000000000002,,,0.07247215532891711,13.012311748786482
39.478516667372126,-0.36677667148408,15.71,,,0.07247215533046279,13.084783904116945
39.477900000000005,-0.36705,15.52,,,0.07247216688578244,13.157256071002728
39.477520000000005,-0.36714,15.66,,,0.04295433814606119,13.200210409148788
39.47736,-0.36713,15.71,,,0.017811879024685208,13.218022288173474
39.477,-0.36703,15.3,,,0.04093996583369081,13.258962254007164
39.4769,-0.36701,15.3,,,0.011251212235654522,13.270213466242819
39.47664,-0.36701,15.070000000000002,,,0.02891068092731186,13.299124147170131
39.47659,-0.36704,15.070000000000002,,,0.006127056992931728,13.305251204163064
39.47646,-0.36698,14.95,,,0.015345264057823322,13.320596468220886
39.47570223510917,-0.3663666132194844,14.4,,,0.09935493983681382,13.4199514080577
39.47494446699592,-0.3657532398018974,14.0,,,0.09935493983635599,13.519306347894057
39.47418669566041,-0.3651398797466444,13.62,,,0.09935493983691968,13.618661287730976
39.47342892110279,-0.364526533053131,13.13,,,0.09935493983789416,13.71801622756887
39.47267114332323,-0.3639131997207629,12.94,,,0.09935493983687814,13.81737116740575
39.47191336232189,-0.3632998797489459,12.72,,,0.09935493983626696,13.916726107242017
39.47115557809892,-0.3626865731370854,12.77,,,0.09935493983667446,14.016081047078691
39.47039779065447,-0.3620732798845874,13.04,,,0.09935493983748539,14.115435986916177
39.469640000000005,-0.36146,13.22,,,0.09935493835511197,14.21479092527129
39.4696,-0.36135,13.250000000000002,,,0.010437343458272966,14.225228268729563
39.46951000000001,-0.36131,13.250000000000002,,,0.0105801734145548,14.235808442144117
39.46931,-0.36113,13.47,,,0.027079579803307597,14.262888021947425
39.469240000000006,-0.36106,13.52,,,0.009833090734710687,14.272721112682136
39.469240000000006,-0.36103,7.73,,,0.0025751609461889175,14.275296273628324
39.469060000000006,-0.36043,9.39,,,0.055255697632989396,14.330551971261313
39.468790000000006,-0.36011,10.4,,,0.04069247157950489,14.371244442840817
39.46876,-0.35994,11.05,,,0.014969104169426846,14.386213547010245
39.46898,-0.3596,14.08,,,0.0380816905787097,14.424295237588954
39.469295000978455,-0.3591650017370883,14.16,,,0.051196802691193706,14.475492040280148
39.46961,-0.35873,14.36,,,0.05119674803522587,14.526688788315374
39.469910000000006,-0.3585,14.37,,,0.038762924963993556,14.565451713279367
39.47064000044927,-0.358140003829194,14.46,,,0.0868552270167037,14.652306940296072
39.47137,-0.35778,14.51,,,0.08685525217378277,14.739162192469854
39.4720050004955,-0.3574550029441423,14.57,,,0.07591978212057865,14.815081974590433
39.472640000000006,-0.35713,14.67,,,0.07591977179693457,14.891001746387367
39.47334000100819,-0.3567900068331477,14.48,,,0.08312747775322073,14.974129224140588
39.4740400010263,-0.3564500068244542,14.42,,,0.08312747775233816,15.057256701892927
39.47474,-0.35611,14.18,,,0.08312747130317841,15.140384173196106
39.475315000334334,-0.3558500021287509,14.12,,,0.06771971772217314,15.208103890918279
39.47589,-0.35559,13.71,,,0.06771970716008405,15.275823598078363
39.47592,-0.35543,13.72,,,0.014132224364199983,15.289955822442563
39.476020000000005,-0.3553,13.7,,,0.015752555221204997,15.305708377663768
39.47599,-0.35509,13.48,,,0.01833046469125913,15.324038842355026
39.47587,-0.35467,13.37,,,0.03843905711336924,15.362477899468395
39.47561000324706,-0.3537999967673856,13.14,,,0.08007408300089273,15.442551982469288
39.475350000000006,-0.35293,12.910000000000002,,,0.08007408649669961,15.522626068965987
39.47523,-0.35272,12.93,,,0.02242611919619565,15.545052188162183
39.475150000000006,-0.35263,13.080000000000002,,,0.011781530998598506,15.556833719160782
39.47511,-0.35249,13.080000000000002,,,0.012813148631703542,15.569646867792486
39.47513,-0.35234,13.0,,,0.013065376073148097,15.582712243865634
39.47503,-0.3517,12.910000000000002,,,0.056046274156402925,15.638758518022037
39.47470667652339,-0.3506266566551205,12.19,,,0.09889345177599827,15.737651969798035
39.4743833431796,-0.3495533232872806,11.89,,,0.09889345177651931,15.836545421574554
39.47406,-0.34848,11.46,,,0.09889344224744426,15.935438863821998
39.47404,-0.34842,11.46,,,0.00560962323923223,15.94104848706123
39.47392000000001,-0.34821,11.46,,,0.0224263919947661,15.963474879055997
39.47381,-0.34815,11.37,,,0.013271415183451133,15.97674629423945
39.47374000000001,-0.34805,11.37,,,0.01158699027823917,15.988333284517688
39.4737,-0.34797,11.340000000000002,,,0.00818130990399542,15.996514594421685
39.47366,-0.34767,11.38,,,0.026131277361260048,16.022645871782945
39.47352,-0.34739,11.48,,,0.028634622355239777,16.051280494138187
39.4732250043522,-0.3463799956616903,11.510000000000002,,,0.09269050004894405,16.143970994187132
39.472930000000005,-0.34537,11.46,,,0.09269048983189132,16.236661484019024
39.47264502777063,-0.3444074724009562,11.15,,,0.08848623338217629,16.3251477174012
39.47236004760645,-0.3434449526870513,10.26,,,0.08848623338230657,16.413633950783506
39.47207505950762,-0.3424824408583599,10.13,,,0.08848623338243672,16.502120184165943
39.47179006347428,-0.3415199369149573,10.0,,,0.08848623338200727,16.59060641754795
39.471505059506576,-0.3405574408569184,9.66,,,0.08848623338230377,16.679092650930254
39.47122004760465,-0.3395949526843184,9.590000000000002,,,0.08848623338230793,16.767578884312563
39.47093502776866,-0.338632472397232,9.340000000000002,,,0.08848623338228402,16.856065117694847
39.470650000000006,-0.33767,9.32,,,0.08848623298994374,16.94455135068479
39.470650000000006,-0.33765,12.34,,,0.0017167391748481111,16.94626808985964
39.47115,-0.33746,11.62,,,0.057940143425847565,17.00420823328549
39.471443037316426,-0.3384439627019976,9.500000000000002,,,0.09052709549595635,17.094735328781447
39.47173606634065,-0.3394279336923441,8.96,,,0.09052709549643471,17.18526242427788
39.47202908707249,-0.3404119129709609,6.57,,,0.09052709549627601,17.275789519774158
39.47232209951181,-0.3413959005377699,6.61,,,0.09052709549603037,17.366316615270186
39.47261510365845,-0.3423798963926927,8.43,,,0.0905270954961722,17.456843710766357
39.472908099512246,-0.3433639005356508,10.58,,,0.09052709549620537,17.547370806262563
39.47320108707306,-0.3443479129665657,10.55,,,0.09052709549662417,17.63789790175919
39.47349406634071,-0.3453319336853593,11.44,,,0.09052709549645528,17.728424997255644
39.47378703731505,-0.3463159626919529,8.860000000000001,,,0.09052709549589473,17.818952092751537
39.47408,-0.3473,9.07,,,0.09052709675883222,17.90947918951037
39.474320000000006,-0.34755,16.19,,,0.03424377798734708,17.943722967497717
39.475084288710896,-0.3472085939348734,13.02,,,0.089895233308461,18.033618200806178
39.475848576423466,-0.3468671803680384,9.170000000000002,,,0.08989523330920632,18.123513434115385
39.47661286313766,-0.346525759299136,8.610000000000001,,,0.08989523330976217,18.213408667425146
39.47737714885342,-0.3461843307278073,8.88,,,0.08989523330811805,18.303303900733265
39.47814143357072,-0.3458428946536932,8.74,,,0.08989523330963015,18.393199134042895
39.47890571728949,-0.3455014510764347,8.219999999999999,,,0.08989523330894875,18.483094367351843
39.479670000000006,-0.34516,8.16,,,0.08989523216926876,18.57298959952111
39.4794075105375,-0.3442549898052648,5.630000000000001,,,0.08297630170030745,18.655965901221418
39.47914501405985,-0.3433499864411996,7.8900000000000015,,,0.08297630169998914,18.738942202921407
39.47888251056717,-0.3424449899078715,7.56,,,0.08297630170057395,18.82191850462198
39.47862000000001,-0.34154,6.390000000000001,,,0.08297632052819175,18.904894825150173
39.47833751222547,-0.3405649881629111,9.74,,,0.08938370683966598,18.99427853198984
39.47805501630866,-0.3395899842452045,9.330000000000002,,,0.08938370683940308,19.08366223882924
39.47777251224972,-0.3386149882469644,9.09,,,0.08938370683872131,19.173045945667962
39.47749,-0.33764,8.94,,,0.08938372226722628,19.262429667935187
39.477232510341686,-0.3367424900084916,8.620000000000001,,,0.08218095400039967,19.344610621935587
39.47697501378413,-0.3358449866615013,8.25,,,0.08218095399989421,19.426791575935482
39.47671751032743,-0.3349474899590972,7.790000000000001,,,0.08218095399962208,19.508972529935104
39.47646,-0.33405,7.27,,,0.08218094496711288,19.591153474902217
39.476400000000005,-0.33387,7.27,,,0.016828384468812085,19.60798185937103
39.47632,-0.33377,7.25,,,0.012361202867509068,19.62034306223854
39.47621,-0.33368,7.25,,,0.014466485585788343,19.63480954782433
39.47614,-0.33358,7.35,,,0.011586770929732166,19.64639631875406
39.4761,-0.33346,7.56,,,0.011218965116535229,19.657615283870594
39.4761,-0.33332,7.800000000000001,,,0.012016232871021418,19.669631516741617
39.47615,-0.33314,7.800000000000001,,,0.016419374955956943,19.686050891697576
39.47615,-0.33294,7.27,,,0.017166034620354646,19.703216926317932
39.47584751435837,-0.3318824861733457,6.48,,,0.0967983210060463,19.800015247323977
39.47554501913836,-0.3308249815434463,6.04,,,0.09679832100724797,19.896813568331225
39.4752425143402,-0.329767486110414,5.840000000000001,,,0.09679832100607787,19.993611889337302
39.47494,-0.32871,5.83,,,0.0967983095059595,20.090410198843262
39.474680000000006,-0.32791,5.670000000000001,,,0.07450351013736549,20.164913708980627
39.47458,-0.32779,5.670000000000001,,,0.015156844691308246,20.180070553671936
39.47456,-0.32778,5.64,,,0.002383786906288627,20.182454340578225
39.4741,-0.32787,4.6000000000000005,,,0.05172970820688888,20.234184048785114
39.47324100062288,-0.3279970141117614,4.6000000000000005,,,0.09613652664538523,20.3303205754305
39.4723820011076,-0.3281240250870751,4.6000000000000005,,,0.09613652664343586,20.426457102073933
39.47152300145415,-0.3282510329261139,4.6000000000000005,,,0.09613652664443831,20.522593628718372
39.47066400166256,-0.3283780376290508,4.6000000000000005,,,0.0961365266434767,20.61873015536185
39.4698050017328,-0.3285050391960581,5.800000000000001,,,0.09613652664616353,20.71486668200801
39.46894600166493,-0.3286320376273089,5.800000000000001,,,0.09613652664337259,20.811003208651385
39.46808700145892,-0.3287590329229757,5.800000000000001,,,0.09613652664423404,20.90713973529562
39.46722800111478,-0.3288860250832313,5.800000000000001,,,0.0961365266445338,21.003276261940155
39.46636900063253,-0.3290130141082484,5.800000000000001,,,0.09613652664427047,21.099412788584424
39.46551,-0.32914,5.85,,,0.09613652800745975,21.195549316591883
39.46471333341786,-0.3292600027532455,5.82,,,0.08918224564109477,21.284731562232977
39.46391666671241,-0.3293800027590417,5.91,,,0.08918224563980807,21.373913807872785
39.46312,-0.3295,6.0,,,0.08918223261294944,21.463096040485734
39.463060000000006,-0.3296,6.0,,,0.010872321186858368,21.473968361672593
39.462970000000006,-0.32963,6.16,,,0.010333613370092809,21.484301975042687
39.462860000000006,-0.32965,6.16,,,0.012351357025586608,21.496653332068274
39.46276,-0.32978,6.21,,,0.015754050232268838,21.51240738230054
39.462480000000006,-0.33029,6.34,,,0.0537235225740436,21.566130904874584
39.462210000000006,-0.33065,6.620000000000001,,,0.04308685337203684,21.609217758246622
39.46164,-0.33127,6.72,,,0.08276550023467272,21.691983258481294
39.46118666901527,-0.3317866733258354,6.7,,,0.06714456249744347,21.759127820978737
39.46073333574439,-0.3323033399212526,6.69,,,0.06714456249661091,21.82627238347535
39.46028,-0.33282,6.620000000000001,,,0.06714459025587087,21.89341697373122
39.46009,-0.33292,6.920000000000001,,,0.02280468484255461,21.916221658573775
39.460060000000006,-0.33293,7.1000000000000005,,,0.0034445468269863663,21.919666205400762
39.46007,-0.33304,6.5200000000000005,,,0.009508741043100505,21.92917494644386
39.46029,-0.33379,6.51,,,0.06887794036425204,21.998052886808114
39.46057801571832,-0.3347479841402196,6.72,,,0.08825808240525755,22.086310969213372
39.46086602357708,-0.3357059762086159,6.930000000000001,,,0.08825808240538932,22.17456905161876
39.46115402357616,-0.3366639762051193,7.29,,,0.08825808240523052,22.26282713402399
39.46144201571538,-0.3376219841296603,7.680000000000001,,,0.08825808240479407,22.351085216428785
39.46173,-0.33858,7.99,,,0.08825808404862062,22.439343300477407
39.46177,-0.33875,8.180000000000001,,,0.01525687040493868,22.454600170882347
39.46208114871722,-0.3397977403026041,8.51,,,0.09637082841175383,22.5509709992941
39.462392288033,-0.3408454899731289,8.81,,,0.09637082841083118,22.64734182770493
39.4627034179472,-0.3418932490114786,8.950000000000001,,,0.09637082841130062,22.74371265611623
39.46301453845961,-0.3429410174175578,9.420000000000002,,,0.09637082841118388,22.840083484527415
39.46332564957005,-0.3439887951912705,9.82,,,0.0963708284114383,22.936454312938853
39.46363675127832,-0.3450365823325215,10.21,,,0.09637082841110942,23.032825141349964
39.46394784358425,-0.3460843788412147,10.69,,,0.09637082841165434,23.129195969761618
39.46425892648763,-0.3471321847172544,11.170000000000002,,,0.09637082841108312,23.2255667981727
39.46457,-0.34818,11.6,,,0.09637083204012187,23.321937630212823
39.46487878233938,-0.349218717728568,11.93,,,0.09555009159318342,23.417487721806005
39.46518755543839,-0.3502574446746712,12.21,,,0.09555009159292542,23.51303781339893
39.46549631929686,-0.3512961808382165,12.34,,,0.09555009159337742,23.60858790499231
39.46580507391459,-0.3523349262191114,12.910000000000002,,,0.0955500915927895,23.704137996585096
39.46611381929141,-0.3533736808172629,13.13,,,0.09555009159317236,23.799688088178268
39.46642255542714,-0.3544124446325781,13.31,,,0.09555009159351475,23.895238179771784
39.46673128232158,-0.3554512176649642,13.65,,,0.09555009159305565,23.99078827136484
39.46704,-0.35649,13.920000000000002,,,0.09555009947272053,24.08633837083756
39.46644500034047,-0.3567850025382961,13.95,,,0.07084174095160671,24.157180111789167
39.46585,-0.35708,13.750000000000002,,,0.07084173328738004,24.228021845076547
39.46527666732448,-0.3573600046202487,13.65,,,0.06813245002041175,24.296154295096958
39.464703333977496,-0.3576400046268532,13.500000000000002,,,0.06813245002193369,24.364286745118893
39.46413,-0.35792,13.57,,,0.06813244516069623,24.43241919027959
39.46412,-0.35792,11.37,,,0.001111949265890977,24.43353113954548
39.46392,-0.35802,10.08,,,0.02383833770869964,24.45736947725418
39.46365,-0.35812,8.84,,,0.03122583382015526,24.488595311074334
39.46351000000001,-0.35829,7.760000000000001,,,0.021338193573205377,24.509933504647538
39.463550000000005,-0.3587,6.7,,,0.03547667407068831,24.545410178718228
39.463800000000006,-0.35885,7.1000000000000005,,,0.030636291347911158,24.57604647006614
39.4643,-0.35895,9.24,,,0.05625630400690843,24.632302774073047
39.46482500031068,-0.3592099980490813,10.15,,,0.06249858246366942,24.694801356536715
39.46535,-0.35947,9.97,,,0.06249857741360071,24.757299933950314
39.46605750146428,-0.3598049897929624,9.250000000000002,,,0.08376155583999968,24.841061489790313
39.46676500196746,-0.360139986397548,9.840000000000002,,,0.08376155583997215,24.924823045630284
39.46747250150951,-0.3604749898140575,9.86,,,0.08376155584052382,25.008584601470808
39.46818,-0.36081,8.190000000000001,,,0.08376154514042328,25.09234614661123
39.46817,-0.36081,8.190000000000001,,,0.001111949265890977,25.09345809587712
39.46836,-0.36094,7.81,,,0.023893076615435153,25.117351172492558
39.46835,-0.36094,7.81,,,0.001111949265890977,25.11846312175845
39.46847,-0.36117,7.17,,,0.023829341393492708,25.142292463151943
39.46862,-0.36133,6.42,,,0.02160622141046136,25.163898684562405
39.46907,-0.36128,6.34,,,0.05022144995887388,25.214120134521277
39.46933000000001,-0.36144,6.220000000000001,,,0.03200711968677671,25.246127254208055
39.46942000000001,-0.3615,14.1,,,0.011255071635846095,25.257382325843903
39.46945,-0.36157,13.96,,,0.006872573063093611,25.264254898906998
39.46951000000001,-0.3616,13.96,,,0.0071514285514129704,25.27140632745841
39.46958,-0.36158,13.96,,,0.007970722324579016,25.27937704978299
39.47028890015429,-0.3621532866050247,13.4,,,0.09292549282029115,25.372302542603283
39.47099779749372,-0.3627265848919464,13.28,,,0.09292549282190736,25.46522803542519
39.47170669201814,-0.3632998948612513,12.88,,,0.09292549282002717,25.558153528245217
39.47241558372743,-0.3638732165134257,12.97,,,0.09292549282065704,25.651079021065875
39.47312447262146,-0.3644465498489557,13.09,,,0.09292549281958537,25.74400451388546
39.47383335870012,-0.3650198948683275,13.46,,,0.09292549282161632,25.836930006707078
39.47454224196324,-0.3655932515720276,13.7,,,0.09292549281956998,25.92985549952665
39.47525112241075,-0.3661666199605423,13.96,,,0.09292549282122332,26.022780992347872
39.47596,-0.36674,14.39,,,0.0929254872527246,26.115706479600597
39.47641,-0.36711,14.58,,,0.059264572681549645,26.174971052282146
39.47654,-0.36726,14.75,,,0.01935739491693278,26.19432844719908
39.476560000000006,-0.3673,14.75,,,0.004090537729696015,26.198418984928775
39.47663,-0.36735,14.75,,,0.008888303454041948,26.207307288382818
39.47664,-0.36736,10.11,,,0.0014046717626181751,26.208711960145436
39.47711,-0.36778,11.420000000000002,,,0.06348823649836531,26.2722001966438
39.47719,-0.36834,10.68,,,0.04888046125175562,26.321080657895557
39.47727,-0.36851,15.88,,,0.0170887694766638,26.33816942737222
39.47769333727806,-0.3691799920030617,15.44,,,0.07431435030912496,26.412483777681345
39.47811667071132,-0.3698499921611264,15.45,,,0.07431435030881425,26.48679812799016
39.47854,-0.37052,15.510000000000002,,,0.07431429769767749,26.56111242568784
39.478910000000006,-0.37131,15.75,,,0.07930930207046918,26.64042172775831
39.479130000000005,-0.37157,16.020000000000003,,,0.033111758232866356,26.673533485991175
39.4797,-0.37211,16.84,,,0.0785183260941598,26.752051812085334
39.48006,-0.3729,16.89,,,0.07873724178548556,26.83078905387082
39.4802,-0.37314,16.89,,,0.025818998947401202,26.85660805281822
39.48061500140851,-0.3737299963627279,17.27,,,0.06850913870912104,26.92511719152734
39.48103,-0.37432,17.36,,,0.06850916586834446,26.993626357395687
39.48138,-0.3748,17.67,,,0.0566718317437483,27.050298189139436
39.48163,-0.37511,17.92,,,0.038478718194456175,27.08877690733389
39.48185,-0.37548,17.730000000000004,,,0.040084761052336576,27.12886166838623
39.48226500247638,-0.3762449953800742,17.28,,,0.08024918136327608,27.209110849749504
39.48268,-0.37701,17.28,,,0.08024919293769676,27.2893600426872
39.48274,-0.3772,17.36,,,0.01761827221052325,27.306978314897723
39.48279500205471,-0.3778949992744425,17.39,,,0.05995896895287794,27.3669372838506
39.482850000000006,-0.37859,17.79,,,0.059958999309612085,27.42689628316021
39.4829,-0.37939,18.1,,,0.06888224074325462,27.495778523903464
39.48293,-0.38041,19.12,,,0.08760179922927483,27.58338032313274
39.48297,-0.38071,19.28,,,0.02612789601562173,27.609508219148363
39.48282,-0.38149,18.73,,,0.06898768215362829,27.678495901301993
39.48274,-0.38171,18.7,,,0.020871455383652492,27.699367356685645
39.48266,-0.3821,18.590000000000003,,,0.03463255254729135,27.733999909232935
39.482420000000005,-0.38269,18.83,,,0.05723724999969047,27.791237159232626
39.48216500149336,-0.3832850022347467,18.89,,,0.058408705796710675,27.849645865029338
39.481910000000006,-0.38388,19.12,,,0.05840869534995249,27.90805456037929
39.48178,-0.38413,19.32,,,0.025870980707490512,27.933925541086783
39.481640000000006,-0.38406,18.860000000000003,,,0.016686286296847375,27.95061182738363
39.481030000880736,-0.3836299962913861,18.72,,,0.07721847123781836,28.027830298621446
39.48042,-0.3832,19.01,,,0.07721849373936898,28.105048792360815
39.48038,-0.38311,19.520000000000003,,,0.008913295588288711,28.113962087949105
39.48038,-0.38295,19.82,,,0.013731992606287002,28.127694080555393
39.48049,-0.38283,19.73,,,0.01598991215615598,28.143683992711548
39.480610000000006,-0.38262,19.73,,,0.02242502377953067,28.166109016491077
39.480875002453125,-0.3818550030681706,19.44,,,0.07196486964228657,28.238073886133364
39.48114,-0.38109,19.28,,,0.07196489851725528,28.31003878465062
39.48118,-0.38095,19.26,,,0.012812171768960127,28.32285095641958
39.48122,-0.38068,19.28,,,0.023595465703070452,28.34644642212265
39.48122,-0.38046,19.28,,,0.018881261800371515,28.36532768392302
39.48113,-0.37989,19.250000000000004,,,0.04993279983530731,28.415260483758328
39.480990000000006,-0.37912,18.430000000000003,,,0.06789337729218245,28.48315386105051
39.48085,-0.37862,18.18,,,0.04564857707645863,28.52880243812697
39.48059000000001,-0.378,17.900000000000002,,,0.06055791007537617,28.589360348202348
39.48011500299733,-0.3771749945092298,17.900000000000002,,,0.08833552203897808,28.677695870241326
39.47964,-0.37635,18.48,,,0.0883355527254325,28.76603142296676
39.479510000000005,-0.37607,18.61,,,0.028043868749489546,28.794075291716247
39.479290000000006,-0.37551,18.49,,,0.05393005782188175,28.848005349538127
39.47892,-0.3747,18.230000000000004,,,0.08078139223792197,28.928786741776047
39.47862000220998,-0.373979996870468,17.640000000000004,,,0.07022446835587902,28.999011210131926
39.47832,-0.37326,17.550000000000004,,,0.07022446363176696,29.069235673763693
39.477903337210336,-0.3725899920250906,16.92,,,0.07384713287865666,29.14308280664235
39.47748667057579,-0.371919992076837,16.740000000000002,,,0.07384713287850532,29.216929939520856
39.477070000000005,-0.37125,16.46,,,0.07384714997380698,29.290777089494664
39.476850000000006,-0.37098,16.34,,,0.03369660602041902,29.324473695515085
39.47617,-0.37025,15.71,,,0.0981987512277804,29.422672446742865
39.47586,-0.36999,15.48,,,0.0410634780155264,29.463735924758392
39.4755,-0.36986,15.2,,,0.041556175409895084,29.505292100168287
39.475190000000005,-0.36978,14.63,,,0.03514767539579782,29.540439775564085
39.47470500001126,-0.3697900000694927,14.44,,,0.05393636811006838,29.594376143674154
39.47422,-0.3698,14.16,,,0.05393637051906061,29.648312514193215
39.47411,-0.36984,14.16,,,0.012704162866952235,29.661016677060168
39.47373,-0.36985,14.24,,,0.042262789073172005,29.70327946613334
39.47297,-0.37001,14.090000000000002,,,0.0856167751252262,29.788896241258566
39.472750000000005,-0.37007,14.300000000000002,,,0.02499911483077308,29.81389535608934
39.47272,-0.37012,14.300000000000002,,,0.0054356908748047226,29.819331046964145
39.4727,-0.37021,14.300000000000002,,,0.008038834303361374,29.827369881267504
39.47290501323685,-0.3712249910348835,14.85,,,0.09005417450146883,29.917424055768972
39.47311001765021,-0.3722399880515327,15.4,,,0.0900541745017885,30.00747823027076
39.47331501323995,-0.373254991049769,16.6,,,0.0900541745016212,30.09753240477238
39.47352,-0.37427,17.310000000000002,,,0.09005417189163713,30.187586576664017
39.473490000000005,-0.3743,17.310000000000002,,,0.004214086077624018,30.19180066274164
39.47345,-0.37431,17.220000000000002,,,0.004529860634372369,30.196330523376012
39.473200000000006,-0.37431,17.060000000000002,,,0.027798731660713567,30.224129255036726
39.472820000000006,-0.3744,17.25,,,0.042954432003718214,30.267083687040444
39.472750000000005,-0.37446,17.25,,,0.009333179528208559,30.276416866568653
39.472570000000005,-0.37446,17.27,,,0.020015086795940107,30.296431953364593
39.47185,-0.37431,17.37,,,0.08108903369579509,30.37752098706039
39.47123999991238,-0.3742449994188585,16.86,,,0.0680579987629586,30.44557898582335
39.47063,-0.37418,16.87,,,0.06805797517385655,30.513636960997207
39.47055,-0.37417,16.87,,,0.00893691191390371,30.52257387291111
39.47048,-0.37408,16.85,,,0.01096658676265091,30.533540459673763
39.47041,-0.37434,16.71,,,0.023636068752007248,30.55717652842577
39.47039,-0.37462,16.61,,,0.024137103825690533,30.58131363225146
39.47039,-0.37465,28.87,,,0.0025751183849504243,30.58388875063641
39.47033500152111,-0.375250000698004,30.83,,,0.05186426632010911,30.63575301695652
39.47028,-0.37585,30.83,,,0.05186422764276192,30.687617244599284
39.46997,-0.37593,25.35,,,0.035147776051777435,30.72276502065106
39.469660000000005,-0.37585,23.66,,,0.0351477820292685,30.75791280268033
39.46965,-0.37585,23.75,,,0.0011119492665983002,30.759024751946928
39.46941,-0.37587,24.98,,,0.026741945382955507,30.785766697329883
39.46934,-0.37601,25.24,,,0.014317922207469976,30.800084619537355
39.46934,-0.37602,17.79,,,0.0008583857484176168,30.800943005285774
39.46932,-0.37666,18.44,,,0.05498169031099023,30.855924695596762
39.469350000000006,-0.37694,18.910000000000004,,,0.02426519360207129,30.880189889198835
39.46958000277229,-0.3777399974656052,18.520000000000003,,,0.07327842814411456,30.95346831734295
39.46981,-0.37854,18.79,,,0.07327840798846441,31.026746725331414
39.46968,-0.37865,19.07,,,0.017265914031745138,31.04401263936316
39.46927000039332,-0.37895000176193,19.090000000000003,,,0.052360151936369975,31.09637279129953
39.46886000000001,-0.37925,19.270000000000003,,,0.05236015395777268,31.1487329452573
39.46892,-0.37921,27.85,,,0.007503392041102888,31.156236337298402
39.468340000000005,-0.37962,23.05,,,0.07347097657728258,31.229707313875686
39.4682,-0.37978,22.76,,,0.02075990825364516,31.25046722212933
39.46827,-0.38011,20.09,,,0.029377103808481613,31.279844325937812
39.46847,-0.3807,20.03,,,0.0553130690733178,31.33515739501113
39.46882,-0.3815,20.3,,,0.07893294232338713,31.414090337334517
39.46932667016441,-0.3821399906664465,20.47,,,0.07868973759884126,31.492780074933357
39.469833336820834,-0.3827799906533823,20.56,,,0.0786897375976967,31.571469812531053
39.47034,-0.38342,20.64,,,0.07868974238699203,31.650159554918044
39.47036000000001,-0.38349,20.59,,,0.0064069614561232694,31.656566516374166
39.47035000156673,-0.3840950001291823,20.51,,,0.05194349063658102,31.708510007010748
39.47034,-0.3847,20.77,,,0.05194348338503761,31.760453490395786
39.47039,-0.38487,20.39,,,0.015615609064076384,31.776069099459864
39.47080000024375,-0.3851849980046099,20.380000000000003,,,0.053004936797747766,31.829074036257612
39.471210000000006,-0.3855,20.15,,,0.05300498364088769,31.8820790198985
39.47198,-0.38602,20.19,,,0.09655593730883397,31.978634957207337
39.4727250035464,-0.3865474830339944,20.610000000000003,,,0.09440615812897277,32.07304111533631
39.47347000470972,-0.387074977364943,21.51,,,0.09440615813001091,32.16744727346632
39.47421500348983,-0.3876024829933509,22.13,,,0.09440615812915464,32.261853431595476
39.47496,-0.38813,22.83,,,0.09440617249561058,32.356259604091086
39.47494,-0.38817,26.88,,,0.004090604004479519,32.36035020809557
39.47570501017158,-0.3887524551591122,25.19,,,0.09866802407147757,32.45901823216705
39.4764700174374,-0.3893349231288478,24.14,,,0.09866802406944986,32.557686256236494
39.47723502179735,-0.3899174039097883,23.81,,,0.09866802407014214,32.65635428030664
39.47800002325127,-0.3904998975025154,16.009999999999998,,,0.0986680240705222,32.75502230437716
39.47876502179903,-0.3910824039076108,18.72,,,0.0986680240705788,32.85369032844773
39.47953001744048,-0.3916649231256565,20.19,,,0.09866802407155056,32.95235835251928
39.48029501017546,-0.3922474551572339,20.72,,,0.09866802406975235,33.051026376589036
39.48106000000001,-0.39283,21.07,,,0.09866802357456457,33.149694400163604
39.48103,-0.39339,22.81,,,0.04817714257102465,33.19787154273463
39.48105,-0.39336,24.68,,,0.00340219477695804,33.20127373751159
39.481010000000005,-0.39354,24.78,,,0.016075892925989915,33.21734963043758
39.48071500190509,-0.3942050027952418,25.75,,,0.06582831975769708,33.28317795019528
39.48042,-0.39487,26.04,,,0.06582832476127726,33.34900627495656
39.48044,-0.39482,26.04,,,0.004833270625849016,33.35383954558241
39.48005201424541,-0.3957320203558965,26.15,,,0.0893761454097035,33.44321569099211
39.47966402136656,-0.396644030536999,26.26,,,0.08937614540967745,33.53259183640179
39.479276021363646,-0.3975560305433747,26.55,,,0.08937614540930368,33.621967981811096
39.47888801423684,-0.3984680203750906,26.250000000000004,,,0.08937614540924177,33.711344127220336
39.4785,-0.39938,26.67,,,0.0893761422530257,33.80072026947336
39.478350000000006,-0.39989,27.05,,,0.04684208798725013,33.84756235746061
39.47834,-0.40009,27.05,,,0.017201470276941598,33.864763827737555
39.47836667192171,-0.400873332716081,27.450000000000003,,,0.06729683606860588,33.93206066380616
39.47839333858782,-0.4016566660328315,28.01,,,0.06729683606860656,33.99935749987477
39.47842,-0.40244,28.49,,,0.06729684035257226,34.066654340227345
39.478480000000005,-0.40346,28.67,,,0.08779773793956146,34.154452078166905
39.478530000000006,-0.4046,29.5,,,0.09800091848114816,34.25245299664805
39.47835000335308,-0.4054850022956291,30.15,,,0.07855008168668316,34.33100307833474
39.478170000000006,-0.40637,30.480000000000004,,,0.07855008071350404,34.409553159048244
39.47812,-0.40649,30.06,,,0.011704139556153131,34.421257298604395
39.4775600002374,-0.4063699990715965,30.320000000000004,,,0.06311516093730603,34.4843724595417
39.477,-0.40625,30.04,,,0.06311520055134673,34.54748766009305
39.47629000011246,-0.4060899983676092,29.59,,,0.0801338834692039,34.62762154356225
39.47558,-0.40593,29.24,,,0.08013388410875819,34.70775542767101
39.4750299999734,-0.4058399992784273,28.82,,,0.06164315283797605,34.769398580508984
39.47448,-0.40575,28.790000000000003,,,0.06164313910013638,34.83104171960912
39.47384500008466,-0.4056149987691947,28.64,,,0.07155325743620827,34.902594977045325
39.47321,-0.40548,28.540000000000003,,,0.07155325892664022,34.97414823597197
39.47261,-0.40539,29.0,,,0.06716270546437797,35.04131094143634
39.47245,-0.40543,29.44,,,0.018119451325369615,35.05943039276171
39.47231,-0.40543,29.44,,,0.01556728973025423,35.07499768249197
39.47143500011981,-0.4052499977323914,30.12,,,0.09851468851062146,35.17351237100259
39.470560000000006,-0.40507,29.87,,,0.09851468424599581,35.272027055248586
39.47043,-0.40512,29.86,,,0.015079022140871213,35.28710607738946
39.470400000000005,-0.40515,29.86,,,0.004214155961749021,35.29132023335121
39.46997,-0.4053,29.640000000000004,,,0.0495170988625867,35.340837332213795
39.46951500000976,-0.4054200007983899,28.9,,,0.05163162465057771,35.39246895686437
39.469060000000006,-0.40554,29.26,,,0.05163161286883963,35.44410056973321
39.468485000103584,-0.4057350016314732,29.130000000000003,,,0.066091878980965,35.51019244871417
39.46791,-0.40593,29.300000000000004,,,0.06609186536002525,35.576284314074194
39.46743,-0.40584,29.36,,,0.05392979878273575,35.630214112856926
39.467090000000006,-0.40571,29.380000000000003,,,0.039418846866642425,35.66963295972357
39.46631000009113,-0.4056224970569316,29.14,,,0.08705668734530622,35.756689647068875
39.46553000011668,-0.4055349960754333,28.8,,,0.08705668734422253,35.8437463344131
39.464750000076656,-0.4054474970554069,28.3,,,0.08705668734491274,35.93080302175801
39.46397,-0.40536,27.91,,,0.08705668411490262,36.017859705872915
39.46374,-0.40535,28.28,,,0.025589236640232976,36.04344894251315
39.46361,-0.40528,28.31,,,0.015654623129007793,36.05910356564216
39.46351000000001,-0.40528,28.31,,,0.01111949266386103,36.07022305830602
39.463420000000006,-0.40532,28.34,,,0.01058027093830004,36.08080332924432
39.462970000000006,-0.40529,28.21,,,0.050103949222274416,36.130907278466594
39.46276,-0.40522,28.06,,,0.024111767758516846,36.155019046225114
39.46219500055665,-0.4048649971288096,27.71,,,0.06982673482849366,36.22484578105361
39.46163000000001,-0.40451,27.360000000000003,,,0.06982673903026376,36.29467252008387
39.46089000257906,-0.4040624857308281,27.06,,,0.09081094099478525,36.38548346107866
39.46015000344303,-0.4036149809773561,26.69,,,0.09081094099564017,36.476294402074295
39.45941000259202,-0.4031674857391534,26.03,,,0.09081094099509958,36.56710534306939
39.458670000000005,-0.40272,24.32,,,0.09081094419756032,36.65791628726695
39.45859,-0.40247,23.33,,,0.023233373929985538,36.68114966119693
39.45866,-0.4019,22.590000000000003,,,0.04955068494417031,36.730700346141106
39.45928167650885,-0.4012216969689351,25.62,,,0.09038633954810062,36.82108668568921
39.45990334907741,-0.4005433818214695,25.77,,,0.09038633954769235,36.9114730252369
39.46052501770551,-0.3998650545571954,25.72,,,0.09038633954770436,37.00185936478461
39.46114668239301,-0.3991867151757054,26.04,,,0.09038633954866385,37.09224570433327
39.46176834313973,-0.3985083636765918,26.1,,,0.09038633954787974,37.18263204388115
39.462390000000006,-0.39783,26.1,,,0.09038634746822528,37.273018391349375
39.462390000000006,-0.39782,26.1,,,0.0008584714805499476,37.27387686282992
39.46303500205367,-0.3971150066152906,26.070000000000004,,,0.09384420231476014,37.367721065144686
39.46368,-0.39641,26.06,,,0.09384422403169948,37.461565289176384
39.464000000000006,-0.39603,25.890000000000004,,,0.04827266925895764,37.50983795843534
39.464605001829206,-0.3953700057770286,26.06,,,0.08795281435986528,37.59779077279521
39.465210000000006,-0.39471,26.06,,,0.08795282485443255,37.68574359764964
39.46538,-0.3945,25.97,,,0.026121001030737518,37.71186459868038
39.46600000176895,-0.3938400059827875,25.99,,,0.08923430694921806,37.801098905629594
39.466620000000006,-0.39318,26.01,,,0.08923433468915822,37.89033324031875
39.46703500042084,-0.3928900016870755,25.910000000000004,,,0.05243239636047285,37.942765636679226
39.46745000000001,-0.3926,25.85,,,0.05243238102127973,37.9951980177005
39.46728001720066,-0.3915979902275349,30.53,,,0.08806579365921162,38.083263811359714
39.4671100258025,-0.3905959853505277,27.73,,,0.08806579365899435,38.171329605018705
39.46694002580559,-0.3895939853691727,28.24,,,0.08806579365932587,38.25939539867803
39.46677001721005,-0.3885919902836637,26.88,,,0.08806579365921352,38.34746119233724
39.4666,-0.38759,26.1,,,0.08806580193798397,38.43552699427523
39.46640001866776,-0.3865459879903742,26.340000000000003,,,0.09233771354771844,38.52786470782295
39.46620002800074,-0.3855019819813766,27.12,,,0.09233771354848964,38.62020242137144
39.46600002799909,-0.3844579819732099,23.500000000000004,,,0.09233771354839605,38.712540134919834
39.46580001866294,-0.3834139879660773,26.9,,,0.09233771354775241,38.804877848467584
39.4656,-0.38237,21.69,,,0.0923377100263303,38.89721555849391
39.46566,-0.38203,21.45,,,0.029939494247882236,38.927155052741796
39.465770000000006,-0.38174,20.790000000000003,,,0.027737041689950226,38.95489209443175
39.46582,-0.38165,20.790000000000003,,,0.009518391363658944,38.964410485795405
39.46613,-0.38137,19.96,,,0.04202306372880791,39.00643354952421
39.46678500104514,-0.380860004853897,19.62,,,0.08497777786104155,39.09141132738525
39.46744,-0.38035,19.67,,,0.08497779567706877,39.17638912306232
39.46745000000001,-0.38034,19.67,,,0.0014047410431561914,39.177793864105475
39.46807,-0.37986,19.87,,,0.08031541469543164,39.25810927880091
39.4682,-0.37978,19.930000000000003,,,0.016003604944132454,39.27411288374504
39.46818,-0.37961,19.880000000000003,,,0.014761283967410709,39.28887416771245
39.467940000000006,-0.37879,20.26,,,0.07527805313930186,39.36415222085175
39.46769500496446,-0.3777099960638297,19.94,,,0.09662771876395491,39.460779939615705
39.46745000000001,-0.37663,19.380000000000003,,,0.0966276948501582,39.55740763446586
39.467300001468566,-0.376039998641328,19.12,,,0.05332203930891998,39.61072967377478
39.46715,-0.37545,19.040000000000003,,,0.05332202360842264,39.6640516973832
39.467110000000005,-0.3752,19.07,,,0.021916397058799504,39.685968094442
39.46712,-0.37504,19.110000000000003,,,0.013779549136572342,39.699747643578576
39.46714,-0.37485,19.48,,,0.016460766716569077,39.716208410295145
39.4673,-0.37457,19.51,,,0.02990373283668526,39.74611214313183
39.4673,-0.37453,19.51,,,0.003433643657070598,39.7495457867889
39.46734,-0.37448,19.35,,,0.006180988641920339,39.75572677543082
39.46733,-0.37444,19.35,,,0.0036092004761104873,39.759335975906936
39.467780000000005,-0.37379,19.700000000000003,,,0.07494680171457185,39.83428277762151
39.46781,-0.37371,19.700000000000003,,,0.007634582152924473,39.841917359774435
39.467870000000005,-0.37368,19.700000000000003,,,0.00715145040708334,39.84906881018152
39.468410000000006,-0.37288,19.430000000000003,,,0.09122106633841673,39.94028987651994
39.468990000000005,-0.37207,19.270000000000003,,,0.09483543318413508,40.03512530970408
39.46903,-0.37198,19.270000000000003,,,0.008914391643651504,40.04403970134773
39.4693800010292,-0.3715000023560758,18.910000000000004,,,0.05667692945615703,40.10071663080389
39.469730000000006,-0.37102,18.69,,,0.05667691567078112,40.157393546474665
39.46997,-0.3707,18.4,,,0.03829730034069357,40.19569084681536
39.47036000000001,-0.37023,18.79,,,0.05923024610702567,40.25492109292239
39.47082000211659,-0.369730006638061,18.31,,,0.0667702222109933,40.32169131513338
39.47128000209204,-0.3692300066648187,18.05,,,0.06677022221051322,40.38846153734389
39.47174,-0.36873,17.57,,,0.06677023290767525,40.455231770251565
39.47178,-0.36864,17.37,,,0.008914127033134699,40.4641458972847
39.47173,-0.36847,17.37,,,0.015615336646021341,40.479761233930724
39.47174,-0.36817,17.12,,,0.025774682606581435,40.505535916537305
39.47173,-0.36809,17.03,,,0.0069562960546668265,40.51249221259197
39.471810000000005,-0.36807,17.03,,,0.009059729216398499,40.52155194180837
39.47174,-0.36782,16.78,,,0.022826940304950402,40.54437888211332
39.47144,-0.3672,16.48,,,0.0628089514173675,40.60718783353069
39.47103000306311,-0.3663499949271896,16.27,,,0.08603343439553265,40.69322126792622
39.47062,-0.3655,16.360000000000003,,,0.08603342144572661,40.779254689371946
39.47061,-0.3655,18.64,,,0.001111949265890977,40.78036663863784
39.47054,-0.36529,17.92,,,0.01963450787843038,40.800001146516266
39.47043,-0.36507,17.210000000000004,,,0.02249933918556975,40.82250048570184
39.47043,-0.36506,16.040000000000003,,,0.0008583723015178861,40.82335885800335
39.47024,-0.36493,16.07,,,0.02389292157104986,40.8472517795744
39.46995,-0.36476,16.19,,,0.035394586233816104,40.88264636580821
39.46944500057312,-0.3644249976300435,16.110000000000003,,,0.06308809493715184,40.94573446074536
39.46894,-0.36409,16.130000000000003,,,0.06308811805836978,41.00882257880373
39.46867,-0.36388,16.740000000000002,,,0.0350186183000414,41.043841197103774
39.46800000149404,-0.3634633253140041,15.76,,,0.08264147225146459,41.12648266935524
39.46733000150118,-0.3630466586518959,15.46,,,0.08264147224992711,41.209124141605166
39.466660000000005,-0.36263,15.29,,,0.08264147489765161,41.291765616502815
39.4661850005098,-0.3623149979061728,14.980000000000002,,,0.059336991522855737,41.35110260802567
39.46571,-0.362,14.730000000000002,,,0.05933701273393382,41.410439620759604
39.46521000032976,-0.3617049978551834,14.58,,,0.06109318779004101,41.47153280854965
39.46471,-0.36141,14.640000000000002,,,0.061093177309082584,41.53262598585873
39.46403500038413,-0.361154997566659,15.1,,,0.0781836417241376,41.61080962758287
39.46336,-0.3609,15.28,,,0.07818366620629444,41.68899329378916
39.46293,-0.36076,15.45,,,0.04930116494577059,41.73829445873493
39.46218,-0.36045,15.1,,,0.08753943856701044,41.82583389730194
39.46193,-0.36032,14.6,,,0.029955286106154253,41.85578918340809
39.46128,-0.35991,13.3,,,0.08039155261960992,41.9361807360277
39.460713335031386,-0.3594699928666412,12.95,,,0.07346548675742728,42.00964622278513
39.460146668404754,-0.3590299928978208,12.84,,,0.07346548675699024,42.083111709542116
39.45958,-0.35859,12.68,,,0.07346550233508412,42.1565772118772
39.45954,-0.35853,12.3,,,0.006805592884621475,42.163382804761824
39.45951,-0.35843,12.3,,,0.009210389580852527,42.172593194342674
39.45947,-0.35826,13.39,,,0.015257323700845619,42.18785051804352
39.45933,-0.35791,13.44,,,0.03384095668909336,42.22169147473261
39.45908,-0.35685,9.97,,,0.09515334553411077,42.31684482026672
39.459010000000006,-0.35657,9.02,,,0.025267127243520072,42.34211194751023
39.4589,-0.35649,8.89,,,0.014027798028004282,42.356139745538236
39.458850000000005,-0.35643,8.89,,,0.007579214819109753,42.363718960357346
39.45872000000001,-0.35641,8.290000000000001,,,0.014556959381452642,42.3782759197388
39.458580000000005,-0.35588,8.010000000000002,,,0.04809075738769687,42.426366677126495
39.45831,-0.35514,7.450000000000001,,,0.07026721509317857,42.49663389221968
39.45813,-0.35483,7.19,,,0.03330044880710923,42.52993434102679
39.457600000000006,-0.35396,6.86,,,0.09514205833121261,42.625076399358
