Elevation,HR,Latitude,Longitude,Minutes,Tempature,Timestamp,Distance,Time_Dif,TimeDif,cumDistance
14.0,,39.45745,-0.35457,0.0,,00:00:00,0.0,0,,0.0
14.1,,39.45787,-0.35427,0.0333333333333333,,00:00:02,0.5161395160211959,0,0.0333333333333333,0.0031317076785509494
14.2,,39.45872000053986,-0.3539200042676615,0.0833333333333333,,00:00:05,0.9192376898401353,0,0.05,0.0063412955032645804
14.3,,39.45957000000001,-0.35357,0.1666666666666666,,00:00:10,0.9192399412698232,0,0.0833333333333333,0.009608730855395795
14.4,,39.45966000000001,-0.35347,0.2166666666666666,,00:00:13,0.13453624047082627,0,0.04999999999999999,0.01262458627520062
14.5,,39.45967,-0.35328,0.25,,00:00:15,0.1902629759042213,0,0.03333333333333341,0.01718357826797072
14.6,,39.45971,-0.35314,0.2666666666666666,,00:00:16,0.14560219778516886,0,0.016666666666666607,0.020190747625948552
14.7,,39.45978,-0.35301,0.3,,00:00:18,0.14764823060277868,0,0.03333333333333338,0.024302534628562848
14.8,,39.45983,-0.35292,0.3333333333333333,,00:00:20,0.10295630140720702,0,0.033333333333333326,0.028743598119787366
14.3,,39.45996,-0.35281,0.3666666666666666,,00:00:22,0.17029386366364263,0,0.03333333333333327,0.0320784524477732
13.9,,39.46011,-0.35275,0.4166666666666667,,00:00:25,0.1615549442120629,0,0.0500000000000001,0.03731396055145558
13.5,,39.460240000000006,-0.35274,0.45,,00:00:27,0.13038404810977347,0,0.033333333333333326,0.0431030883628115
13.2,,39.460330000000006,-0.35277,0.4666666666666667,,00:00:28,0.09486832980518137,0,0.016666666666666663,0.04671356864636432
12.7,,39.46043,-0.35282,0.5,,00:00:30,0.11180339887162576,0,0.033333333333333326,0.05188907607240523
12.4,,39.46057,-0.35294,0.5333333333333333,,00:00:32,0.18439088914180335,0,0.033333333333333326,0.056694640313560425
12.1,,39.46066,-0.3531,0.5666666666666667,,00:00:34,0.18357559750697222,0,0.033333333333333326,0.06124974451387105
11.7,,39.461180000000006,-0.35291,0.6,,00:00:36,0.5536244214348696,0,0.033333333333333326,0.06582435609259572
11.5,,39.46167499992725,-0.3527050015626284,0.6333333333333333,,00:00:38,0.5357698081206267,0,0.033333333333333326,0.06998134508174805
11.3,,39.46217,-0.3525,0.6666666666666666,,00:00:40,0.5357711383658513,0,0.033333333333333326,0.07347603540481648
11.0,,39.462140000000005,-0.3522,0.7,,00:00:42,0.3014962686331273,0,0.033333333333333326,0.07745032148730165
10.7,,39.46187168612538,-0.351246648289829,0.7166666666666667,,00:00:43,0.9903897306635344,0,0.01666666666666672,0.08284713436698163
10.4,,39.4616033644671,-0.3502933039302757,0.7333333333333333,,00:00:44,0.9903847637114007,0,0.016666666666666607,0.08835167268604688
10.2,,39.46133503502527,-0.3493399669214263,0.75,,00:00:45,0.9903797967420762,0,0.01666666666666672,0.09276996887456276
9.9,,39.46106669780008,-0.3483866372633672,0.7666666666666667,,00:00:46,0.9903748297285005,0,0.01666666666666672,0.09720362889247483
9.8,,39.46079835279159,-0.3474333149561849,0.7833333333333333,,00:00:47,0.990369862703186,0,0.016666666666666607,0.10041597961712205
9.5,,39.460530000000006,-0.34648,0.8166666666666667,,00:00:49,0.990364895600594,0,0.033333333333333326,0.10534272058832034
9.3,,39.46027835814892,-0.3454033138552726,0.8333333333333334,,00:00:50,1.1057018926754953,0,0.01666666666666672,0.10870921549841342
9.1,,39.46002670637006,-0.3443266354958803,0.85,,00:00:51,1.1056965711204547,0,0.016666666666666607,0.11203920781495867
8.8,,39.4597750446636,-0.3432499649220039,0.8666666666666667,,00:00:52,1.105691249467166,0,0.01666666666666672,0.11530357561805996
8.7,,39.4595233730297,-0.3421733021338248,0.9,,00:00:54,1.1056859277216635,0,0.033333333333333326,0.12028438173996407
8.7,,39.45927169146852,-0.3410966471315241,0.9333333333333332,,00:00:56,1.1056806058777462,0,0.033333333333333215,0.12511126547747506
8.7,,39.45902,-0.34002,1.2,,00:01:12,1.1056751969475311,0,0.2666666666666667,0.1500994741699491
8.6,,39.459030000000006,-0.34002,1.2333333333333334,,00:01:14,0.010000000003174137,0,0.03333333333333344,0.1550227293963881
8.4,,39.45893000773072,-0.3390699972871661,1.2666666666666666,,00:01:16,0.955250547400198,0,0.033333333333333215,0.16111543109557944
8.2,,39.45883000773246,-0.3381199973038435,1.2833333333333332,,00:01:17,0.9552486419594532,0,0.016666666666666607,0.1645837485047768
8.1,,39.45873,-0.33717,1.3,,00:01:18,0.9552467868885651,0,0.01666666666666683,0.16791858794134806
7.9,,39.45879667429093,-0.3362266684250657,1.3166666666666669,,00:01:19,0.9456848953741039,0,0.01666666666666683,0.17133708104544818
7.7,,39.45886334096105,-0.3352833350430665,1.3333333333333333,,00:01:20,0.9456861606787006,0,0.016666666666666385,0.17495192110751395
7.6,,39.45893,-0.33434,1.35,,00:01:21,0.9456872796812807,0,0.01666666666666683,0.17848946866955692
7.6,,39.45915000205545,-0.3336400023483536,1.3666666666666667,,00:01:22,0.733755829082524,0,0.016666666666666607,0.18279929629729783
7.5,,39.45937,-0.33294,1.3833333333333333,,00:01:23,0.7337590771539647,0,0.016666666666666607,0.186700225448762
7.5,,39.45945,-0.33288,1.4,,00:01:24,0.0999999999975798,0,0.016666666666666607,0.18990059048307847
7.4,,39.459520000000005,-0.33288,1.4166666666666667,,00:01:25,0.0700000000080081,0,0.01666666666666683,0.19302866556902684
7.4,,39.45975000000001,-0.33295,1.45,,00:01:27,0.24041630560529673,0,0.033333333333333215,0.19901625571851872
7.3,,39.459880000000005,-0.33296,1.4833333333333334,,00:01:29,0.13038404810268472,0,0.03333333333333344,0.20317322783844766
7.3,,39.460060000000006,-0.33293,1.5166666666666666,,00:01:31,0.18248287590922949,0,0.033333333333333215,0.20885709988946274
7.2,,39.460080000000005,-0.33284,1.55,,00:01:33,0.0921954445727441,0,0.03333333333333344,0.2153774945529073
7.5,,39.46018,-0.33274,1.5666666666666669,,00:01:34,0.14142135623466404,0,0.01666666666666683,0.2195055088327097
7.7,,39.460786670582216,-0.3320633451356737,1.5833333333333337,,00:01:35,0.9087964572672292,0,0.01666666666666683,0.22380074338999614
7.8,,39.46139333724322,-0.3313866784755125,1.6,,00:01:36,0.9088026224383151,0,0.016666666666666385,0.22721922575146353
8.0,,39.46201,-0.33071,1.6333333333333333,,00:01:38,0.9155144536363939,0,0.033333333333333215,0.2321901646323351
8.2,,39.46225,-0.33038,1.6666666666666663,,00:01:40,0.408044115260896,0,0.03333333333333299,0.23837410810706422
8.3,,39.46247,-0.32996,1.6833333333333331,,00:01:41,0.47413078364794514,0,0.01666666666666683,0.24198456058393886
8.3,,39.46266000000001,-0.3295,1.7,,00:01:42,0.49769468552645846,0,0.01666666666666683,0.24539046314136229
8.4,,39.462610000000005,-0.32938,1.7166666666666668,,00:01:43,0.13000000000064668,0,0.01666666666666683,0.24851853002692723
8.4,,39.462610000000005,-0.32918,1.7333333333333334,,00:01:44,0.20000000000003348,0,0.016666666666666607,0.25173252160047405
8.4,,39.462680000000006,-0.32902,1.75,,00:01:45,0.17464249196608567,0,0.016666666666666607,0.2554250132953236
8.4,,39.462810000000005,-0.32892,1.7666666666666666,,00:01:46,0.1640121946674756,0,0.016666666666666607,0.2588434900355407
8.4,,39.46289,-0.32878,1.7833333333333332,,00:01:47,0.16124515496444536,0,0.016666666666666607,0.26217474975136446
8.5,,39.462950000000006,-0.32852,1.8,,00:01:48,0.26683328128365064,0,0.01666666666666683,0.2657803590804216
8.5,,39.46296,-0.32851,1.8166666666666669,,00:01:49,0.014142135620918928,0,0.01666666666666683,0.27018804316847017
8.5,,39.46309,-0.32737,1.8333333333333333,,00:01:50,1.1473883387936763,0,0.016666666666666385,0.2747145289127666
8.5,,39.4631,-0.32641,1.85,,00:01:51,0.9600520819205346,0,0.01666666666666683,0.27932088962804996
8.5,,39.46316,-0.3264,1.8666666666666667,,00:01:52,0.06082762530774291,0,0.016666666666666607,0.28333253777779677
8.5,,39.46316000154156,-0.3258000000534963,1.8833333333333333,,00:01:53,0.5999999465057068,0,0.016666666666666607,0.286504198127505
8.5,,39.46316,-0.3252,1.9,,00:01:54,0.6000000534982882,0,0.016666666666666607,0.28999464078486065
8.5,,39.46321,-0.3251,1.9166666666666663,,00:01:55,0.11180339887254429,0,0.016666666666666385,0.29386659272608934
8.5,,39.463260000000005,-0.3251,1.9333333333333331,,00:01:56,0.050000000008765255,0,0.01666666666666683,0.2975534315647923
8.5,,39.46332,-0.32501,1.95,,00:01:57,0.10816653826264222,0,0.01666666666666683,0.30120674636950284
8.5,,39.46349,-0.32497,1.9666666666666668,,00:01:58,0.17464249196293252,0,0.01666666666666683,0.30515761659157514
8.5,,39.464159999922494,-0.3249250004390165,1.9833333333333332,,00:01:59,0.6715093868517437,0,0.016666666666666385,0.3092089192250643
8.5,,39.464830000000006,-0.32488,2.0,,00:02:00,0.6715096003621867,0,0.01666666666666683,0.3133612028224464
8.5,,39.465520000000005,-0.3249,2.0166666666666666,,00:02:01,0.690289794215641,0,0.016666666666666607,0.31768714077127214
8.5,,39.46553,-0.32479,2.033333333333333,,00:02:02,0.11045361017151567,0,0.016666666666666607,0.32147902569510367
8.5,,39.465520000000005,-0.3249,2.05,,00:02:03,0.11045361017151567,0,0.016666666666666607,0.3249549066958144
8.5,,39.46569,-0.32494,2.066666666666667,,00:02:04,0.1746424919629198,0,0.01666666666666705,0.32826236477125176
8.5,,39.46604000000001,-0.32497,2.083333333333333,,00:02:05,0.3512833614095006,0,0.016666666666666163,0.33125490647638545
8.5,,39.46674,-0.32504,2.1166666666666667,,00:02:07,0.7034912934733053,0,0.03333333333333366,0.3370737618623958
8.5,,39.46713,-0.32511,2.1333333333333333,,00:02:08,0.3962322551191398,0,0.016666666666666607,0.34020472649252076
8.5,,39.467290000000006,-0.32519,2.15,,00:02:09,0.17888543820726213,0,0.016666666666666607,0.3434343849401044
8.5,,39.4673,-0.32529,2.1666666666666665,,00:02:10,0.10049875621086199,0,0.016666666666666607,0.34684672123793403
8.5,,39.46737,-0.32539,2.183333333333333,,00:02:11,0.12206555615784566,0,0.016666666666666607,0.3506926533013011
8.5,,39.46743,-0.32544,2.2,,00:02:12,0.07810249675731804,0,0.01666666666666705,0.35450617283927177
8.5,,39.46751,-0.32543,2.216666666666667,,00:02:13,0.0806225774799815,0,0.016666666666666607,0.35792295622805914
8.5,,39.4676,-0.32537,2.2333333333333334,,00:02:14,0.10816653826404325,0,0.016666666666666607,0.36129959519240024
8.5,,39.467940000000006,-0.32549,2.25,,00:02:15,0.36055512755436514,0,0.016666666666666607,0.3645004033713004
8.5,,39.46839000000001,-0.32552,2.2666666666666666,,00:02:16,0.4509988913519115,0,0.016666666666666607,0.3677343233815644
8.5,,39.46921571428313,-0.3255171430605905,2.283333333333333,,00:02:17,0.8257192255590668,0,0.016666666666666607,0.3711788769106513
8.5,,39.47004142856621,-0.3255142860533743,2.3,,00:02:18,0.8257192257510445,0,0.016666666666666607,0.3749080456936529
8.5,,39.4708671428492,-0.3255114289783479,2.3166666666666664,,00:02:19,0.8257192258933022,0,0.016666666666666607,0.37816157787762433
8.5,,39.47169285713212,-0.3255085718355076,2.333333333333333,,00:02:20,0.8257192260568943,0,0.016666666666666607,0.38128418093254945
8.5,,39.47251857141497,-0.3255057146248499,2.35,,00:02:21,0.8257192262276094,0,0.01666666666666705,0.38578636348822476
8.5,,39.47334428569776,-0.3255028573463711,2.3666666666666667,,00:02:22,0.825719226398343,0,0.016666666666666607,0.39110914047148077
8.5,,39.47417,-0.3255,2.3833333333333333,,00:02:23,0.8257192460807151,0,0.016666666666666607,0.39526458357091293
8.5,,39.47436,-0.32552,2.4,,00:02:24,0.19104973174180404,0,0.016666666666666607,0.3985031617935514
8.5,,39.4746,-0.32567,2.4333333333333336,,00:02:26,0.28301943396606477,0,0.03333333333333366,0.40252903470451384
8.5,,39.47462,-0.32587,2.466666666666667,,00:02:28,0.20099751242232056,0,0.033333333333333215,0.40687921264075827
8.5,,39.474630000000005,-0.32627,2.5,,00:02:30,0.40012498047494194,0,0.033333333333333215,0.41132783819911667
8.5,,39.47467,-0.32639,2.5166666666666666,,00:02:31,0.12649110640626482,0,0.016666666666666607,0.41436063367882564
8.5,,39.47473,-0.32644,2.55,,00:02:33,0.07810249675731804,0,0.033333333333333215,0.41990766067404467
8.5,,39.47476,-0.32654,2.5666666666666664,,00:02:34,0.10440306508978947,0,0.016666666666666607,0.4234224610131796
8.5,,39.474810000000005,-0.32738,2.583333333333333,,00:02:35,0.8414867794565631,0,0.016666666666666607,0.42703109148162444
8.5,,39.47491,-0.3278,2.6,,00:02:36,0.4317406628975578,0,0.01666666666666705,0.4308360105070278
8.5,,39.47520001740652,-0.328807983197503,2.6166666666666667,,00:02:37,1.0488756945096827,0,0.016666666666666607,0.4346254008895687
8.5,,39.47549002611076,-0.3298159747993043,2.6333333333333333,,00:02:38,1.0488813649966686,0,0.016666666666666607,0.43837530103741207
8.6,,39.475780026112616,-0.3308239748053084,2.65,,00:02:39,1.0488870354712605,0,0.016666666666666607,0.44229341257014526
8.6,,39.47607001741192,-0.3318319832154197,2.6666666666666665,,00:02:40,1.0488927059176896,0,0.016666666666666607,0.44631585027003223
8.6,,39.47636000000001,-0.33284,2.6833333333333336,,00:02:41,1.0488983455934844,0,0.01666666666666705,0.4501300230647816
8.6,,39.47643,-0.33296,2.7,,00:02:42,0.13892443989133246,0,0.016666666666666607,0.4537277252117979
8.6,,39.47655,-0.33301,2.716666666666667,,00:02:43,0.13000000000236328,0,0.016666666666666607,0.4574795370881895
8.6,,39.47665000000001,-0.33311,2.7333333333333334,,00:02:44,0.14142135623968832,0,0.016666666666666607,0.4610350721723976
8.6,,39.47668,-0.33318,2.75,,00:02:45,0.07615773105675451,0,0.016666666666666607,0.4646766310191323
8.6,,39.47671,-0.3333,2.7666666666666666,,00:02:46,0.12369316876740141,0,0.016666666666666607,0.46813521279367964
8.6,,39.47671,-0.33342,2.783333333333333,,00:02:47,0.12000000000000899,0,0.016666666666666607,0.4720252637540645
8.6,,39.476690000000005,-0.33354,2.8,,00:02:48,0.12165525060468066,0,0.016666666666666607,0.4758064514246168
8.6,,39.47664,-0.33364,2.8166666666666664,,00:02:49,0.11180339887572194,0,0.016666666666666607,0.4792450111357199
8.6,,39.47666,-0.33382,2.833333333333333,,00:02:50,0.18110770276267812,0,0.016666666666666607,0.4829968207423634
8.6,,39.47671,-0.33398,2.85,,00:02:51,0.1676305461407716,0,0.01666666666666705,0.4868732707661392
8.6,,39.47692,-0.33474,2.8666666666666667,,00:02:52,0.788479549513563,0,0.016666666666666607,0.4902762785310262
8.6,,39.47722073167868,-0.3357812703148883,2.8833333333333333,,00:02:53,1.0838281280848965,0,0.016666666666666607,0.4933763738832455
8.6,,39.47752145407076,-0.3368225496329963,2.9,,00:02:54,1.0838342010749162,0,0.016666666666666607,0.49675175789064013
8.6,,39.47782216717604,-0.3378638379542203,2.9166666666666665,,00:02:55,1.0838402740285236,0,0.016666666666666607,0.5000676880942039
8.6,,39.47812287099434,-0.3389051352784562,2.9333333333333336,,00:02:56,1.0838463469511561,0,0.01666666666666705,0.5031677832091762
8.6,,39.478423565525496,-0.3399464416056003,2.95,,00:02:57,1.0838524198510748,0,0.016666666666666607,0.5063150688726245
8.6,,39.47872425076931,-0.3409877569355484,2.966666666666667,,00:02:58,1.0838584927161345,0,0.016666666666666607,0.5094140814460504
8.6,,39.47902492672563,-0.3420290812681967,2.9833333333333334,,00:02:59,1.0838645655583785,0,0.016666666666666607,0.5124557748744922
8.6,,39.47932559339424,-0.343070414603441,3.0,,00:03:00,1.083870638363691,0,0.016666666666666607,0.5154716192950699
8.6,,39.47962625077498,-0.3441117569411777,3.033333333333333,,00:03:02,1.0838767111404923,0,0.033333333333333215,0.5214794325896757
8.6,,39.47992689886767,-0.3451531082813024,3.05,,00:03:03,1.0838827838920873,0,0.016666666666666607,0.5244719696553349
8.6,,39.480227537672135,-0.3461944686237114,3.066666666666667,,00:03:04,1.0838888566150158,0,0.01666666666666705,0.5275133663573277
8.6,,39.48052816718819,-0.3472358379683002,3.083333333333333,,00:03:05,1.0838949293047524,0,0.016666666666666163,0.5306530702823613
8.6,,39.48082878741564,-0.3482772163149653,3.1,,00:03:06,1.0839010019621,0,0.01666666666666705,0.5336545140843247
8.6,,39.48112939835434,-0.349318603663602,3.1166666666666667,,00:03:07,1.0839070745998955,0,0.016666666666666607,0.536973999846746
8.6,,39.48143,-0.35036,3.1333333333333333,,00:03:08,1.0839131325148181,0,0.016666666666666607,0.5401747955758494
8.6,,39.481480000000005,-0.35046,3.1666666666666665,,00:03:10,0.11180339887572194,0,0.033333333333333215,0.5462692151203199
8.6,,39.48143,-0.35036,3.183333333333333,,00:03:11,0.11180339887572194,0,0.016666666666666607,0.5495493880128435
8.6,,39.48118,-0.35046,3.2,,00:03:12,0.2692582403578294,0,0.01666666666666705,0.5526640293639513
8.6,,39.48087,-0.34937,3.2333333333333334,,00:03:14,1.1332254850643309,0,0.033333333333333215,0.5581132570862432
8.6,,39.48058751105208,-0.3484424886974792,3.2666666666666666,,00:03:16,0.9695757948728151,0,0.033333333333333215,0.5637053878184245
8.6,,39.48030501473577,-0.3475149849291487,3.283333333333333,,00:03:17,0.9695707343951762,0,0.016666666666666607,0.5667381821780951
8.8,,39.48002251105122,-0.3465874886950681,3.3,,00:03:18,0.9695656739072297,0,0.016666666666666607,0.5698622745819197
8.8,,39.47974000000001,-0.34566,3.3166666666666664,,00:03:19,0.9695606084898531,0,0.016666666666666607,0.5730051838203566
8.8,,39.479690000000005,-0.34568,3.35,,00:03:21,0.05385164807287297,0,0.03333333333333366,0.5766138124735655
8.8,,39.479670000000006,-0.34565,3.4,,00:03:24,0.036055512754198674,0,0.04999999999999982,0.5816941408285186
8.8,,39.47963,-0.34564,3.4333333333333336,,00:03:26,0.04123105626160321,0,0.03333333333333366,0.5862780173811698
8.8,,39.47959,-0.34552,3.45,,00:03:27,0.12649110640626482,0,0.016666666666666607,0.5893096860877727
8.8,,39.4788900004954,-0.3458600034214644,3.466666666666667,,00:03:28,0.7782041075797083,0,0.016666666666666607,0.5924605656286236
8.9,,39.478190000000005,-0.3462,3.4833333333333334,,00:03:29,0.7782020090988039,0,0.016666666666666607,0.5960126896977456
8.9,,39.47739500053414,-0.3465400038690742,3.5,,00:03:30,0.8646541399396663,0,0.016666666666666607,0.6001937454278162
8.9,,39.476600000000005,-0.34688,3.5166666666666666,,00:03:31,0.8646520793452341,0,0.016666666666666607,0.6053334094087416
8.7,,39.47614999999934,-0.3470600012201563,3.533333333333333,,00:03:32,0.48466528641230755,0,0.016666666666666607,0.610447833314524
8.6,,39.4757,-0.34724,3.55,,00:03:33,0.4846643788758906,0,0.016666666666666607,0.6149807742501575
8.5,,39.47501500032585,-0.3475350029249189,3.5666666666666664,,00:03:34,0.7458225521564658,0,0.016666666666666607,0.6192169899864655
8.4,,39.47433,-0.34783,3.583333333333333,,00:03:35,0.7458208368730922,0,0.016666666666666607,0.6233691884184018
8.3,,39.474320000000006,-0.34784,3.6,,00:03:36,0.01414213562095818,0,0.01666666666666705,0.6273026205374131
8.1,,39.474230000000006,-0.34794,3.6166666666666663,,00:03:37,0.1345362404708675,0,0.016666666666666163,0.6307322838701069
8.1,,39.4742,-0.34806,3.633333333333333,,00:03:38,0.1236931687690709,0,0.016666666666666607,0.6339866225740981
8.0,,39.4742,-0.34835,3.6666666666666665,,00:03:40,0.29000000000001247,0,0.03333333333333366,0.6398232529252847
7.8,,39.47444750900357,-0.3491874910358292,3.7,,00:03:42,0.8732994571965337,0,0.03333333333333366,0.6456792836041733
7.8,,39.474695011999806,-0.3500249880308125,3.716666666666667,,00:03:43,0.8733034694497809,0,0.016666666666666607,0.6487411005902282
7.9,,39.4749425089886,-0.3508624909849004,3.733333333333333,,00:03:44,0.8733074816848624,0,0.016666666666666163,0.6518557419150565
8.0,,39.475190000000005,-0.3517,3.7666666666666666,,00:03:46,0.873311600232456,0,0.03333333333333366,0.6573055773612583
8.2,,39.475350000000006,-0.35203,3.8,,00:03:48,0.3667424164182995,0,0.033333333333333215,0.6630536867418725
8.2,,39.47551,-0.35221,3.8166666666666655,,00:03:49,0.24083189157183177,0,0.01666666666666572,0.6667231193215054
8.3,,39.47558,-0.35234,3.8333333333333335,,00:03:50,0.14764823060272983,0,0.01666666666666794,0.6699477721935088
8.4,,39.47559,-0.35242,3.85,,00:03:51,0.08062257748252219,0,0.016666666666666607,0.6731769929641601
8.4,,39.47558,-0.35255,3.8666666666666663,,00:03:52,0.13038404810371504,0,0.016666666666666163,0.6762568100105921
8.4,,39.47554,-0.35264,3.9,,00:03:54,0.09848857801737755,0,0.03333333333333366,0.6820058414320668
8.5,,39.47559,-0.35314,3.9166666666666665,,00:03:55,0.502493781055503,0,0.016666666666666607,0.6851192993784005
8.5,,39.47587000370847,-0.3540649964232139,3.9333333333333336,,00:03:56,0.9664473393405343,0,0.01666666666666705,0.6887279267577585
8.5,,39.47615,-0.35499,3.95,,00:03:57,0.9664520372655817,0,0.016666666666666607,0.6928990693582145
8.5,,39.47627000000001,-0.35522,3.966666666666667,,00:03:58,0.25942243542588683,0,0.016666666666666607,0.6969469433211143
8.7,,39.47639,-0.35526,4.0,,00:04:00,0.12649110640243802,0,0.033333333333333215,0.7033056189087176
8.7,,39.47652,-0.35536,4.016666666666667,,00:04:01,0.1640121946674756,0,0.016666666666666607,0.7066590950280943
8.8,,39.47662,-0.35537,4.033333333333333,,00:04:02,0.1004987562074429,0,0.016666666666666607,0.7099121917680153
8.9,,39.47681,-0.35532,4.066666666666666,,00:04:04,0.1964688270472347,0,0.033333333333333215,0.7160333333003402
9.0,,39.47738666739156,-0.3550400046165216,4.083333333333333,,00:04:05,0.6410481224224576,0,0.016666666666666607,0.7190951492296671
9.0,,39.47796333411164,-0.3547600045906472,4.1,,00:04:06,0.6410495460852633,0,0.016666666666666607,0.7223290503273054
9.1,,39.47854,-0.35448,4.116666666666666,,00:04:07,0.6410507917331464,0,0.016666666666666607,0.7261599485945113
9.2,,39.47909000000001,-0.35414,4.133333333333334,,00:04:08,0.6466065264165347,0,0.016666666666667496,0.7297057082114773
9.3,,39.47937,-0.35391,4.15,,00:04:09,0.36235341863717335,0,0.016666666666666607,0.7334574944386782
9.3,,39.47952,-0.35375,4.166666666666667,,00:04:10,0.2193171219931543,0,0.016666666666666607,0.7371442779591364
9.4,,39.47986500074269,-0.3533500019174045,4.183333333333334,,00:04:11,0.5282272035186673,0,0.016666666666666607,0.7406028322533601
9.5,,39.48021000000001,-0.35295,4.2,,00:04:12,0.5282291372835856,0,0.016666666666666607,0.7439540657612476
9.5,,39.48044,-0.35263,4.216666666666667,,00:04:13,0.39408120990174167,0,0.016666666666666607,0.7476290889674043
9.6,,39.48095,-0.35181,4.233333333333333,,00:04:14,0.9656603957905722,0,0.016666666666666607,0.7513378438373477
9.7,,39.48095,-0.3518,4.25,,00:04:15,0.010000000000010001,0,0.016666666666666607,0.7551296847361879
9.7,,39.481300000000005,-0.35189,4.266666666666667,,00:04:16,0.361386219996219,0,0.016666666666666607,0.7587528925811737
9.8,,39.481660000000005,-0.35196,4.283333333333333,,00:04:17,0.3667424164184191,0,0.016666666666666607,0.7618958005427181
9.8,,39.48248,-0.35152,4.3,,00:04:18,0.9305912099282353,0,0.016666666666666607,0.7650841073325719
9.9,,39.48331000089593,-0.3517249877659293,4.316666666666666,,00:04:19,0.8549394548311251,0,0.016666666666666607,0.7687252346136905
10.0,,39.484140001431925,-0.3519299804247509,4.333333333333333,,00:04:20,0.8549402785672694,0,0.016666666666666607,0.772404956073554
10.0,,39.484970001607984,-0.3521349779767239,4.35,,00:04:21,0.8549411023998187,0,0.016666666666666607,0.7759225414380323
10.1,,39.48580000142408,-0.3523399804221075,4.366666666666666,,00:04:22,0.8549419262942864,0,0.016666666666666607,0.7794551143303053
10.1,,39.48663000088018,-0.3525449877611608,4.383333333333334,,00:04:23,0.8549427502437387,0,0.016666666666667496,0.7828446583734829
10.2,,39.487460000000006,-0.35275,4.416666666666667,,00:04:25,0.8549435987131371,0,0.033333333333333215,0.788033534957735
10.3,,39.4876,-0.35282,4.45,,00:04:27,0.15652475842025124,0,0.033333333333333215,0.7942766464302383
10.3,,39.487770000000005,-0.35299,4.466666666666667,,00:04:28,0.24041630560641425,0,0.016666666666666607,0.7975561115477932
10.4,,39.48781,-0.35319,4.483333333333333,,00:04:29,0.2039607805433928,0,0.016666666666666607,0.8007302025162736
10.4,,39.48785,-0.35326,4.516666666666667,,00:04:31,0.08062257748224677,0,0.033333333333333215,0.8063773053351476
10.5,,39.48796,-0.35337,4.533333333333333,,00:04:32,0.15556349186060725,0,0.016666666666666607,0.809550601827182
10.6,,39.48803,-0.3534,4.55,,00:04:33,0.07615773105945872,0,0.016666666666666607,0.8125520250199841
10.6,,39.48814,-0.35341,4.566666666666666,,00:04:34,0.1104536101712644,0,0.016666666666666607,0.8167732216962313
10.7,,39.488240000000005,-0.35338,4.583333333333333,,00:04:35,0.10440306509227783,0,0.016666666666666607,0.8211403070454153
10.8,,39.488310000000006,-0.35332,4.6,,00:04:36,0.09219544457361716,0,0.016666666666666607,0.8248097396236336
10.9,,39.48836,-0.35325,4.616666666666667,,00:04:37,0.08602325266727287,0,0.016666666666667496,0.8289560703545251
11.0,,39.48854,-0.35325,4.633333333333333,,00:04:38,0.18000000000029104,0,0.01666666666666572,0.8329608221291207
11.2,,39.488580000000006,-0.35326,4.65,,00:04:39,0.04123105626160321,0,0.016666666666667496,0.8376310090482677
11.3,,39.489303335812366,-0.3537966555097353,4.666666666666667,,00:04:40,0.9006740995341703,0,0.016666666666666607,0.8427466960438291
11.5,,39.490026669157785,-0.354333322185171,4.683333333333334,,00:04:41,0.9006787713269192,0,0.016666666666666607,0.8474803630792462
11.6,,39.490750000000006,-0.35487,4.7,,00:04:42,0.9006833984461382,0,0.016666666666666607,0.8519578861642936
11.8,,39.490750000000006,-0.35488,4.716666666666667,,00:04:43,0.00999999999995449,0,0.016666666666666607,0.8574394766379153
12.0,,39.49147000362423,-0.3554124834423552,4.733333333333333,,00:04:44,0.8955131686792669,0,0.016666666666666607,0.8623695980597496
12.1,,39.492190004819655,-0.3559449779134187,4.75,,00:04:45,0.8955177737639678,0,0.016666666666666607,0.8678853657788386
12.2,,39.49291000358619,-0.3564774834136642,4.766666666666667,,00:04:46,0.895522379174795,0,0.016666666666666607,0.873212092343698
12.3,,39.49363,-0.35701,4.783333333333333,,00:04:47,0.8955270797845739,0,0.016666666666666607,0.8784410734811775
12.3,,39.49376,-0.35723,4.8,,00:04:48,0.25553864678291466,0,0.016666666666666607,0.8828618309163072
12.2,,39.49376,-0.35722,4.816666666666666,,00:04:49,0.010000000000010001,0,0.016666666666666607,0.8872018305947685
12.0,,39.4938,-0.35744,4.833333333333333,,00:04:50,0.22360679774970607,0,0.016666666666666607,0.8920024406055427
11.9,,39.49378,-0.35769,4.85,,00:04:51,0.2507987240796566,0,0.016666666666666607,0.8964709014860521
11.8,,39.493840000000006,-0.35796,4.866666666666667,,00:04:52,0.27658633371982794,0,0.016666666666667496,0.9006963086989842
11.7,,39.49372,-0.35824,4.883333333333333,,00:04:53,0.30463092423556803,0,0.01666666666666572,0.904811416531465
11.6,,39.4933750015196,-0.3588450030866175,4.9,,00:04:54,0.6964572393876581,0,0.016666666666667496,0.9089336817245129
11.5,,39.493030000000005,-0.35945,4.916666666666667,,00:04:55,0.6964533823073278,0,0.016666666666666607,0.9126281341295881
11.4,,39.493030000000005,-0.35946,4.933333333333334,,00:04:56,0.010000000000010001,0,0.016666666666666607,0.9164562224900261
11.4,,39.492560000000005,-0.36028,4.95,,00:04:57,0.9451454914456036,0,0.016666666666666607,0.9198316024875409
11.3,,39.49237,-0.36057,4.966666666666667,,00:04:58,0.3466987164691038,0,0.016666666666666607,0.9233306336490128
11.3,,39.491890000000005,-0.3612,4.983333333333333,,00:04:59,0.7920227269442602,0,0.016666666666666607,0.9268763834038958
11.2,,39.491890000000005,-0.36122,5.0,,00:05:00,0.01999999999996449,0,0.016666666666666607,0.9304521436221082
11.1,,39.491600000000005,-0.36163,5.016666666666667,,00:05:01,0.5021951811794212,0,0.016666666666666607,0.9339697219558337
11.0,,39.49118,-0.36237,5.033333333333333,,00:05:02,0.8508818954499954,0,0.016666666666666607,0.9376988680890342
10.9,,39.490680000000005,-0.36324,5.05,,00:05:03,1.0034440691913278,0,0.016666666666666607,0.941378579998719
10.8,,39.490680000000005,-0.36323,5.066666666666666,,00:05:04,0.010000000000010001,0,0.016666666666666607,0.9450549439844106
10.7,,39.490390000000005,-0.36374,5.083333333333333,,00:05:05,0.5866856057547558,0,0.016666666666666607,0.9488883231154516
10.6,,39.49029,-0.36373,5.1,,00:05:06,0.10049875621451307,0,0.016666666666666607,0.952464096273644
10.5,,39.49009,-0.36359,5.116666666666666,,00:05:07,0.24413111231427698,0,0.016666666666666607,0.9561747206237374
10.4,,39.490010000000005,-0.36357,5.133333333333334,,00:05:08,0.08246211250941987,0,0.016666666666667496,0.9593826110904461
10.3,,39.48993,-0.36362,5.15,,00:05:09,0.09433981132402025,0,0.016666666666666607,0.962570914240666
10.2,,39.48991,-0.36349,5.166666666666667,,00:05:10,0.13152946437956267,0,0.016666666666666607,0.9660445786255277
10.2,,39.48960500427648,-0.3624899955925918,5.183333333333334,,00:05:11,1.0454813275253558,0,0.016666666666666607,0.9694891167234303
10.1,,39.4893,-0.36149,5.2,,00:05:12,1.0454753913279515,0,0.016666666666666607,0.972829380036381
10.0,,39.48873000064343,-0.3617700046044051,5.216666666666667,,00:05:13,0.6350605049755428,0,0.016666666666666607,0.9759722864321139
9.9,,39.48816000061531,-0.362050004618162,5.233333333333333,,00:05:14,0.6350590836765104,0,0.016666666666666607,0.9790857443784476
9.9,,39.48759,-0.36233,5.25,,00:05:15,0.6350575684980355,0,0.016666666666666607,0.9825338559120484
9.8,,39.48688500064562,-0.3627050037788325,5.266666666666667,,00:05:16,0.7985311038458051,0,0.016666666666666607,0.9863926227016417
9.7,,39.48618,-0.36308,5.283333333333333,,00:05:17,0.798528694675457,0,0.016666666666666607,0.9904657934654065
9.7,,39.485645000431184,-0.363350002017156,5.3,,00:05:18,0.5992709136100042,0,0.016666666666666607,0.99451703595255
9.7,,39.485110000000006,-0.36362,5.316666666666666,,00:05:19,0.5992698658370883,0,0.016666666666666607,0.9988119822649153
9.6,,39.48453000000001,-0.36389,5.333333333333333,,00:05:20,0.639765582068348,0,0.016666666666666607,1.0029658375965225
9.7,,39.48443,-0.36391,5.35,,00:05:21,0.10198039027511481,0,0.016666666666666607,1.007352461195926
9.7,,39.48413,-0.36406,5.366666666666666,,00:05:22,0.3354101966275133,0,0.016666666666666607,1.0114408234777177
9.7,,39.48340000279448,-0.3644216856508193,5.383333333333334,,00:05:23,0.8146854792326556,0,0.016666666666667496,1.0153898148455989
9.8,,39.482670004468496,-0.3647833637088079,5.4,,00:05:24,0.8146831123658912,0,0.016666666666666607,1.0194182028271686
9.9,,39.48194000502208,-0.3651450341743109,5.416666666666667,,00:05:25,0.8146807456795655,0,0.016666666666666607,1.0237556377387975
9.9,,39.481210004455335,-0.365506697047673,5.433333333333334,,00:05:26,0.8146783791289294,0,0.016666666666666607,1.0276015246783647
10.0,,39.48048000276828,-0.3658683523292391,5.45,,00:05:27,0.814676012771301,0,0.016666666666666607,1.031281231726168
10.1,,39.47975,-0.36623,5.466666666666667,,00:05:28,0.8146736030224362,0,0.016666666666666607,1.035142469694152
10.1,,39.47913333400603,-0.3665033381653346,5.483333333333333,,00:05:29,0.6745299850651922,0,0.016666666666666607,1.038871611762774
10.2,,39.478516667372126,-0.36677667148408,5.5,,00:05:30,0.6745286061430302,0,0.016666666666666607,1.0430269683033115
10.2,,39.477900000000005,-0.36705,5.516666666666667,,00:05:31,0.6745273348454697,0,0.016666666666666607,1.047227304898531
10.3,,39.477520000000005,-0.36714,5.533333333333333,,00:05:32,0.3905124837951703,0,0.016666666666666607,1.0511762939874356
10.3,,39.47736,-0.36713,5.55,,00:05:33,0.16031219542695233,0,0.016666666666666607,1.0550498332341476
10.3,,39477,-0.36703,5.566666666666666,,00:05:34,0.373630833845946,0,0.016666666666666607,1.0592581045754152
10.3,,39.4769,-0.36701,5.583333333333333,,00:05:35,0.10198039026814737,0,0.016666666666666607,1.0631469172039059
10.3,,39.47664,-0.36701,5.6,,00:05:36,0.2599999999972624,0,0.016666666666666607,1.0672352742880136
10.3,,39.47659,-0.36704,5.616666666666667,,00:05:37,0.05830951894986317,0,0.016666666666667496,1.0712511059362217
10.3,,39.47646,-0.36698,5.633333333333333,,00:05:38,0.1431782106315226,0,0.01666666666666572,1.0751653647929964
10.3,,39.47570223510917,-0.3663666132194844,5.65,,00:05:39,0.9749107509376503,0,0.016666666666667496,1.0788417184759787
10.3,,39.47494446699592,-0.3657532398018974,5.666666666666667,,00:05:40,0.9749048481030209,0,0.016666666666666607,1.082482923277514
10.3,,39.47418669566041,-0.3651398797466444,5.7,,00:05:42,0.9748989456900906,0,0.033333333333333215,1.0882798173222783
10.4,,39.47342892110279,-0.364526533053131,5.733333333333333,,00:05:44,0.9748930436822028,0,0.033333333333333215,1.0949207030689072
10.5,,39.47267114332323,-0.3639131997207629,5.75,,00:05:45,0.9748871420736406,0,0.016666666666666607,1.0984954709676102
10.5,,39.47191336232189,-0.3632998797489459,5.766666666666667,,00:05:46,0.9748812408810248,0,0.016666666666666607,1.1020702388511465
10.5,,39.47115557809892,-0.3626865731370854,5.783333333333333,,00:05:47,0.9748753400989532,0,0.016666666666666607,1.1057465903790271
10.5,,39.47039779065447,-0.3620732798845874,5.8,,00:05:48,0.9748694397381743,0,0.016666666666666607,1.1092861010734671
10.5,,39.469640000000005,-0.36146,5.816666666666666,,00:05:49,0.9748635252321881,0,0.016666666666666607,1.1128997873980007
10.5,,39.4696,-0.36135,5.833333333333333,,00:05:50,0.11704699910910603,0,0.016666666666666607,1.1163164998241428
10.5,,39.46951000000001,-0.36131,5.85,,00:05:51,0.0984885780115947,0,0.016666666666666607,1.120656660823437
10.5,,39.46931,-0.36113,5.866666666666667,,00:05:52,0.26907248094641817,0,0.016666666666667496,1.125279981127578
10.5,,39.469240000000006,-0.36106,5.883333333333333,,00:05:53,0.0989949493617409,0,0.01666666666666572,1.1298821563585706
10.5,,39.469240000000006,-0.36103,5.9,,00:05:54,0.02999999999997449,0,0.016666666666667496,1.1340089941233338
10.5,,39.469060000000006,-0.36043,5.916666666666667,,00:05:55,0.6264183905347597,0,0.016666666666666607,1.1383030144726396
10.5,,39.468790000000006,-0.36011,5.933333333333334,,00:05:56,0.41868842830943803,0,0.016666666666666607,1.1423723421504428
10.5,,39.46876,-0.35994,5.95,,00:05:57,0.17262676501674415,0,0.016666666666666607,1.1465276855360143
10.5,,39.46898,-0.3596,5.966666666666667,,00:05:58,0.4049691346256731,0,0.016666666666666607,1.1505682301083022
10.5,,39.469295000978455,-0.3591650017370883,5.983333333333333,,00:05:59,0.5370745806335911,0,0.016666666666666607,1.154449704557281
10.5,,39.46961,-0.35873,6.0,,00:06:00,0.5370762467711897,0,0.016666666666666607,1.1584544476174692
10.5,,39.469910000000006,-0.3585,6.016666666666667,,00:06:01,0.3780211634309854,0,0.016666666666666607,1.1628474474028587
10.5,,39.47064000044927,-0.358140003829194,6.033333333333333,,00:06:02,0.8139397391232279,0,0.016666666666666607,1.1673963653492792
10.4,,39.47137,-0.35778,6.05,,00:06:03,0.8139423204979943,0,0.016666666666666607,1.1726407943976958
10.4,,39.4720050004955,-0.3574550029441423,6.066666666666666,,00:06:04,0.7133363271282971,0,0.016666666666666607,1.1772958379613014
10.4,,39.472640000000006,-0.35713,6.083333333333333,,00:06:05,0.7133381276950967,0,0.016666666666666607,1.1818592883672934
10.5,,39.47334000100819,-0.3567900068331477,6.1,,00:06:06,0.7782009798019612,0,0.016666666666666607,1.1858748872639873
10.5,,39.4740400010263,-0.3564500068244542,6.116666666666666,,00:06:07,0.7782030784253532,0,0.016666666666666607,1.1894206244406684
10.5,,39.47474,-0.35611,6.133333333333334,,00:06:08,0.7782051168220977,0,0.016666666666667496,1.1929119065235867
10.5,,39.475315000334334,-0.3558500021287509,6.15,,00:06:09,0.6310501386904218,0,0.016666666666666607,1.1969296242402827
10.5,,39.47589,-0.35559,6.166666666666667,,00:06:10,0.6310512835508015,0,0.016666666666666607,1.2006150879838569
10.5,,39.47592,-0.35543,6.183333333333334,,00:06:11,0.1627882059614361,0,0.016666666666666607,1.2041476522081624
10.5,,39.476020000000005,-0.3553,6.2,,00:06:12,0.16401219467060632,0,0.016666666666666607,1.2076933884482972
10.5,,39.47599,-0.35509,6.216666666666667,,00:06:13,0.21213203435629416,0,0.016666666666666607,1.2111983709047114
10.6,,39.47587,-0.35467,6.233333333333333,,00:06:14,0.43680659335756533,0,0.016666666666666607,1.214610669302719
10.6,,39.47561000324706,-0.3537999967673856,6.25,,00:06:15,0.9080219910870254,0,0.016666666666666607,1.2181629956630282
10.7,,39.475350000000006,-0.35293,6.266666666666667,,00:06:16,0.9080176560736197,0,0.016666666666666607,1.221662023177408
10.7,,39.47523,-0.35272,6.283333333333333,,00:06:17,0.2418677324502656,0,0.016666666666666607,1.2255576307753422
10.8,,39.475150000000006,-0.35263,6.3,,00:06:18,0.12041594578589515,0,0.016666666666666607,1.2293731824305145
10.8,,39.47511,-0.35249,6.316666666666666,,00:06:19,0.14560219778712089,0,0.016666666666666607,1.2331023168635016
10.9,,39.47513,-0.35234,6.333333333333333,,00:06:20,0.15132745950415413,0,0.016666666666666607,1.2370531037968584
10.9,,39.47503,-0.3517,6.35,,00:06:21,0.6477653896285527,0,0.016666666666666607,1.2407475542529154
11.0,,39.47470667652339,-0.3506266566551205,6.366666666666666,,00:06:22,1.1209834996655719,0,0.016666666666666607,1.2445524685591276
11.1,,39.4743833431796,-0.3495533232872806,6.4,,00:06:24,1.1209767926779146,0,0.0333333333333341,1.2502068415906664
11.3,,39.47406,-0.34848,6.416666666666667,,00:06:25,1.120969977659491,0,0.016666666666666607,1.2536981213594565
11.4,,39.47404,-0.34842,6.433333333333334,,00:06:26,0.06324555320313241,0,0.016666666666666607,1.2572306844644363
11.5,,39.47392000000001,-0.34821,6.45,,00:06:27,0.24186773244669213,0,0.016666666666666607,1.260935034228801
11.6,,39.47381,-0.34815,6.466666666666667,,00:06:28,0.1252996408671197,0,0.016666666666666607,1.2645283390692246
11.7,,39.47374000000001,-0.34805,6.483333333333333,,00:06:29,0.12206555615377096,0,0.016666666666666607,1.2687071677072181
11.8,,39.4737,-0.34797,6.5,,00:06:30,0.08944271910251392,0,0.016666666666666607,1.273511627569105
12.0,,39.47366,-0.34767,6.516666666666667,,00:06:31,0.30265491900825325,0,0.016666666666666607,1.2782330167768556
12.6,,39.47352,-0.34739,6.533333333333333,,00:06:32,0.31304951685078014,0,0.016666666666666607,1.282646193458867
12.7,,39.4732250043522,-0.3463799956616903,6.55,,00:06:33,1.0522030201556951,0,0.016666666666666607,1.2868891065640995
12.8,,39.472930000000005,-0.34537,6.566666666666666,,00:06:34,1.0521971319329821,0,0.016666666666666607,1.290913887914127
12.9,,39.47264502777063,-0.3444074724009562,6.583333333333333,,00:06:35,1.003826952435007,0,0.016666666666666607,1.2956414089351977
13.1,,39.47236004760645,-0.3434449526870513,6.6,,00:06:36,1.0038216443335792,0,0.016666666666666607,1.2996902979149454
13.2,,39.47207505950762,-0.3424824408583599,6.616666666666667,,00:06:37,1.003816336212773,0,0.016666666666667496,1.3034604807494168
13.2,,39.47179006347428,-0.3415199369149573,6.633333333333333,,00:06:38,1.0038110280740185,0,0.01666666666666572,1.3068725923746132
13.3,,39.471505059506576,-0.3405574408569184,6.65,,00:06:39,1.0038057199217207,0,0.016666666666667496,1.3100594751015358
13.4,,39.47122004760465,-0.3395949526843184,6.666666666666667,,00:06:40,1.003800411751577,0,0.016666666666666607,1.3142336282344351
13.5,,39.47093502776866,-0.338632472397232,6.683333333333334,,00:06:41,1.003795103563958,0,0.016666666666666607,1.3184925437663324
13.6,,39.470650000000006,-0.33767,6.7,,00:06:42,1.0037897909113107,0,0.016666666666666607,1.3220191485207329
13.7,,39.470650000000006,-0.33765,6.716666666666667,,00:06:43,0.020000000000020002,0,0.016666666666666607,1.325243652584862
13.7,,39.47115,-0.33746,6.733333333333333,,00:06:44,0.5348831648082514,0,0.016666666666666607,1.3284305355271018
13.8,,39.471443037316426,-0.3384439627019976,6.75,,00:06:45,1.0266710611193242,0,0.016666666666666607,1.3319571395748142
13.9,,39.47173606634065,-0.3394279336923441,6.766666666666667,,00:06:46,1.0266766379337808,0,0.016666666666666607,1.3360661811834782
14.0,,39.47202908707249,-0.3404119129709609,6.783333333333333,,00:06:47,1.0266822147279318,0,0.016666666666666607,1.3398907077160749
14.1,,39.47232209951181,-0.3413959005377699,6.8,,00:06:48,1.0266877915061543,0,0.016666666666666607,1.3435745981480927
14.2,,39.47261510365845,-0.3423798963926927,6.816666666666666,,00:06:49,1.0266933682722401,0,0.016666666666666607,1.347538822111864
14.3,,39.472908099512246,-0.3433639005356508,6.833333333333333,,00:06:50,1.0266989450181336,0,0.016666666666666607,1.351343695841197
14.4,,39.47320108707306,-0.3443479129665657,6.85,,00:06:51,1.0267045217517348,0,0.016666666666666607,1.3551509545413927
14.5,,39.47349406634071,-0.3453319336853593,6.866666666666667,,00:06:52,1.0267100984654673,0,0.016666666666667496,1.359182594672127
14.6,,39.47378703731505,-0.3463159626919529,6.883333333333333,,00:06:53,1.0267156751607225,0,0.01666666666666572,1.3630599735899995
14.8,,39.47408,-0.3473,6.9,,00:06:54,1.0267212661686342,0,0.016666666666667496,1.3669272571488427
14.8,,39.474320000000006,-0.34755,6.916666666666667,,00:06:55,0.3465544690268385,0,0.016666666666666607,1.370619392909236
14.8,,39.475084288710896,-0.3472085939348734,6.933333333333334,,00:06:56,0.8370754654744366,0,0.016666666666666607,1.3741664963875881
15.0,,39.475848576423466,-0.3468671803680384,6.95,,00:06:57,0.837077613608887,0,0.016666666666666607,1.3772648615371845
14.9,,39.47661286313766,-0.346525759299136,6.966666666666667,,00:06:58,0.8370797619007432,0,0.016666666666666607,1.380271448455846
14.9,,39.47737714885342,-0.3461843307278073,6.983333333333333,,00:06:59,0.8370819103500136,0,0.016666666666666607,1.383541648393583
14.8,,39.47814143357072,-0.3458428946536932,7.0,,00:07:00,0.8370840589827249,0,0.016666666666666607,1.387035925532226
14.8,,39.47890571728949,-0.3455014510764347,7.016666666666667,,00:07:01,0.8370862077664253,0,0.016666666666666607,1.3908391456563138
14.7,,39.479670000000006,-0.34516,7.033333333333333,,00:07:02,0.8370883461065999,0,0.016666666666666607,1.3952523350073311
14.7,,39.4794075105375,-0.3442549898052648,7.05,,00:07:03,0.942307895807932,0,0.016666666666666607,1.3997662219140767
14.6,,39.47914501405985,-0.3433499864411996,7.066666666666666,,00:07:04,0.9423032896821941,0,0.016666666666666607,1.4054997424048883
14.6,,39.47888251056717,-0.3424449899078715,7.083333333333333,,00:07:05,0.9422986835434602,0,0.016666666666666607,1.4110763304987681
14.5,,39.47862000000001,-0.34154,7.1,,00:07:06,0.942294291195963,0,0.016666666666666607,1.4175583267971184
14.1,,39.47833751222547,-0.3405649881629111,7.116666666666666,,00:07:07,1.0151095631628562,0,0.016666666666666607,1.4244226495689185
13.8,,39.47805501630866,-0.3395899842452045,7.133333333333334,,00:07:08,1.0151042225110003,0,0.016666666666667496,1.4305475676156172
13.6,,39.47777251224972,-0.3386149882469644,7.15,,00:07:09,1.0150988818337527,0,0.016666666666666607,1.435485336869775
13.4,,39.47749,-0.33764,7.166666666666667,,00:07:10,1.0150937163433478,0,0.016666666666666607,1.4398360079825974
13.3,,39.477232510341686,-0.3367424900084916,7.183333333333334,,00:07:11,0.9337157538553048,0,0.016666666666666607,1.4437557026438876
13.2,,39.47697501378413,-0.3358449866615013,7.2,,00:07:12,0.9337112696189989,0,0.016666666666666607,1.447623000090509
13.1,,39.47671751032743,-0.3349474899590972,7.216666666666667,,00:07:13,0.9337067853646092,0,0.016666666666666607,1.451304919360751
13.0,,39.47646,-0.33405,7.233333333333333,,00:07:14,0.9337021984621912,0,0.016666666666666607,1.455132082498285
13.0,,39.476400000000005,-0.33387,7.25,,00:07:15,0.18973665960939723,0,0.016666666666666607,1.4586692932065677
13.0,,39.47632,-0.33377,7.266666666666667,,00:07:16,0.12806248475119514,0,0.016666666666666607,1.4622568311979804
12.9,,39.47621,-0.33368,7.283333333333333,,00:07:17,0.14212670403506744,0,0.016666666666666607,1.4657171657055077
12.9,,39.47614,-0.33358,7.3,,00:07:18,0.12206555615784566,0,0.016666666666666607,1.4691775007682597
12.9,,39.4761,-0.33346,7.316666666666666,,00:07:19,0.12649110640626482,0,0.016666666666666607,1.4725613901743317
12.8,,39.4761,-0.33332,7.333333333333333,,00:07:20,0.13999999999997348,0,0.016666666666666607,1.4766098348183478
12.8,,39.47615,-0.33314,7.35,,00:07:21,0.18681541692124956,0,0.016666666666666607,1.4807318570408492
12.7,,39.47615,-0.33294,7.366666666666666,,00:07:22,0.19999999999997797,0,0.016666666666666607,1.48476806695581
12.6,,39.47584751435837,-0.3318824861733457,7.383333333333334,,00:07:23,1.09992411418014,0,0.016666666666667496,1.4886310564553387
12.6,,39.47554501913836,-0.3308249815434463,7.4,,00:07:24,1.0999179062042994,0,0.016666666666666607,1.4927575756158422
12.5,,39.4752425143402,-0.329767486110414,7.416666666666667,,00:07:25,1.099911698179426,0,0.016666666666666607,1.4995720071691385
12.4,,39.47494,-0.32871,7.433333333333334,,00:07:26,1.0999053594507817,0,0.016666666666666607,1.5046563086004465
12.4,,39.474680000000006,-0.32791,7.45,,00:07:27,0.8411896337895031,0,0.016666666666666607,1.509154698331825
12.4,,39.47458,-0.32779,7.483333333333333,,00:07:29,0.15620499352022255,0,0.033333333333333215,1.514225013916755
12.4,,39.47456,-0.32778,7.5,,00:07:30,0.02236067978068044,0,0.016666666666666607,1.517627665814106
12.4,,39.4741,-0.32787,7.516666666666667,,00:07:31,0.46872166580717045,0,0.016666666666666607,1.5208481751026106
12.4,,39.47324100062288,-0.3279970141117614,7.533333333333333,,00:07:32,0.8683389398634841,0,0.016666666666666607,1.5243825541334326
12.4,,39.4723820011076,-0.3281240250870751,7.55,,00:07:33,0.8683386177649858,0,0.016666666666666607,1.5277171306506037
12.4,,39.47152300145415,-0.3282510329261139,7.566666666666666,,00:07:34,0.8683382957100234,0,0.016666666666666607,1.530915414351469
12.4,,39.47066400166256,-0.3283780376290508,7.6,,00:07:36,0.8683379736705116,0,0.033333333333333215,1.5380543677916803
12.4,,39.4698050017328,-0.3285050391960581,7.633333333333333,,00:07:38,0.868337651695538,0,0.033333333333333215,1.5612484938067936
12.4,,39.46894600166493,-0.3286320376273089,7.65,,00:07:39,0.8683373296938534,0,0.016666666666667496,1.5647017510306718
12.4,,39.46808700145892,-0.3287590329229757,7.683333333333334,,00:07:41,0.8683370077637647,0,0.033333333333333215,1.5701672239130258
12.4,,39.46722800111478,-0.3288860250832313,7.716666666666667,,00:07:43,0.8683366858490866,0,0.033333333333333215,1.5757523483502305
12.4,,39.46636900063253,-0.3290130141082484,7.733333333333333,,00:07:44,0.8683363639638676,0,0.016666666666666607,1.579567557573646
12.4,,39.46551,-0.32914,7.75,,00:07:45,0.8683360544121043,0,0.016666666666666607,1.5834420478892786
12.4,,39.46471333341786,-0.3292600027532455,7.766666666666667,,00:07:46,0.8056539603856331,0,0.016666666666666607,1.5873154486484962
12.4,,39.46391666671241,-0.3293800027590417,7.783333333333333,,00:07:47,0.8056536730947365,0,0.016666666666666607,1.5907286905113112
12.4,,39.46312,-0.3295,7.8,,00:07:48,0.8056532681556001,0,0.016666666666666607,1.5941313474501273
12.4,,39.463060000000006,-0.3296,7.816666666666666,,00:07:49,0.11661903789572792,0,0.016666666666666607,1.5972627381229019
12.4,,39.462970000000006,-0.32963,7.833333333333333,,00:07:50,0.09486832980518137,0,0.016666666666666607,1.6013116642959364
12.4,,39.462860000000006,-0.32965,7.85,,00:07:51,0.1118033988743913,0,0.016666666666666607,1.6050818452841387
12.3,,39.46276,-0.32978,7.866666666666667,,00:07:52,0.16401219467060632,0,0.016666666666667496,1.6087409825047523
12.3,,39.462480000000006,-0.33029,7.883333333333333,,00:07:53,0.5818075283098328,0,0.01666666666666572,1.6124320813253323
12.3,,39.462210000000006,-0.33065,7.9,,00:07:54,0.4500000000002835,0,0.016666666666667496,1.6164368959307356
12.3,,39.46164,-0.33127,7.916666666666667,,00:07:55,0.842199501308189,0,0.016666666666666607,1.620241807787698
12.3,,39.46118666901527,-0.3317866733258354,7.933333333333334,,00:07:56,0.6873574814817829,0,0.016666666666666607,1.6245855801969062
12.3,,39.46073333574439,-0.3323033399212526,7.95,,00:07:57,0.6873539301576651,0,0.016666666666666607,1.6298327161437933
12.3,,39.46028,-0.33282,7.966666666666667,,00:07:58,0.6873506631395905,0,0.016666666666666607,1.6344896144105
12.3,,39.46009,-0.33292,7.983333333333333,,00:07:59,0.21470910553261244,0,0.016666666666666607,1.6388733344585176
12.2,,39.460060000000006,-0.33293,8.0,,00:08:00,0.03162277659723911,0,0.016666666666666607,1.6423929636514845
12.2,,39.46007,-0.33304,8.016666666666667,,00:08:01,0.11045361017151567,0,0.016666666666667496,1.6459976328017831
12.2,,39.46029,-0.33379,8.033333333333333,,00:08:02,0.7816009211863949,0,0.01666666666666572,1.6493914222377313
11.9,,39.46057801571832,-0.3347479841402196,8.05,,00:08:03,1.0003432745367324,0,0.016666666666667496,1.6527005564792419
11.9,,39.46086602357708,-0.3357059762086159,8.066666666666666,,00:08:04,1.000348604147519,0,0.01666666666666572,1.6561469594695288
11.9,,39.46115402357616,-0.3366639762051193,8.083333333333334,,00:08:05,1.0003539337489646,0,0.016666666666667496,1.659951871841101
11.9,,39.46144201571538,-0.3376219841296603,8.1,,00:08:06,1.000359263333101,0,0.01666666666666572,1.663516249406083
11.9,,39.46173,-0.33858,8.116666666666667,,00:08:07,1.0003646115361826,0,0.016666666666667496,1.6670440164421816
11.9,,39.46177,-0.33875,8.133333333333333,,00:08:08,0.17464249196538636,0,0.01666666666666572,1.6704557883956737
11.9,,39.46208114871722,-0.3397977403026041,8.15,,00:08:09,1.0929653544034774,0,0.016666666666667496,1.6738922651242054
11.9,,39.462392288033,-0.3408454899731289,8.166666666666666,,00:08:10,1.092971658329338,0,0.01666666666666572,1.677176630759857
11.9,,39.4627034179472,-0.3418932490114786,8.183333333333334,,00:08:11,1.0929779622457292,0,0.016666666666667496,1.6804609968135902
11.8,,39.46301453845961,-0.3429410174175578,8.2,,00:08:12,1.0929842661347693,0,0.01666666666666572,1.6834840231939612
11.8,,39.46332564957005,-0.3439887951912705,8.216666666666667,,00:08:13,1.0929905700081173,0,0.016666666666667496,1.686771446986489
11.8,,39.46363675127832,-0.3450365823325215,8.233333333333333,,00:08:14,1.092996873856249,0,0.01666666666666572,1.6899751708263264
11.8,,39.46394784358425,-0.3460843788412147,8.266666666666667,,00:08:16,1.0930031776885876,0,0.03333333333333499,1.6969197496020407
11.8,,39.46425892648763,-0.3471321847172544,8.283333333333333,,00:08:17,1.093009481495343,0,0.01666666666666572,1.7009390125144876
11.8,,39.46457,-0.34818,8.3,,00:08:18,1.0930158264427166,0,0.016666666666667496,1.7051921776664043
11.7,,39.46487878233938,-0.349218717728568,8.316666666666666,,00:08:19,1.0836424930553605,0,0.01666666666666572,1.7091624568944253
11.7,,39.46518755543839,-0.3502574446746712,8.333333333333334,,00:08:20,1.0836486954873874,0,0.016666666666667496,1.7134862620735691
11.7,,39.46549631929686,-0.3512961808382165,8.35,,00:08:21,1.0836548979053668,0,0.01666666666666572,1.7175061309658441
11.7,,39.46580507391459,-0.3523349262191114,8.366666666666667,,00:08:22,1.0836611002975793,0,0.016666666666667496,1.721856873171333
11.7,,39.46611381929141,-0.3533736808172629,8.383333333333333,,00:08:23,1.0836673026758552,0,0.01666666666666572,1.7261435395377258
11.7,,39.46642255542714,-0.3544124446325781,8.4,,00:08:24,1.083673505034124,0,0.016666666666667496,1.7304714234811565
11.7,,39.46673128232158,-0.3554512176649642,8.416666666666666,,00:08:25,1.0836797073704703,0,0.01666666666666572,1.7349964416847685
11.7,,39.46704,-0.35649,8.433333333333334,,00:08:26,1.0836859990552135,0,0.016666666666667496,1.73969696241386
12.0,,39.46644500034047,-0.3567850025382961,8.45,,00:08:27,0.6641167762054416,0,0.01666666666666572,1.7439963978376947
12.1,,39.46585,-0.35708,8.466666666666667,,00:08:28,0.6641151312600282,0,0.016666666666667496,1.7480212477186425
12.2,,39.46527666732448,-0.3573600046202487,8.483333333333333,,00:08:29,0.6380540292026786,0,0.01666666666666572,1.7519586980595956
12.3,,39.464703333977496,-0.3576400046268532,8.5,,00:08:30,0.6380526079120407,0,0.016666666666667496,1.7554425813884322
12.3,,39.46413,-0.35792,8.516666666666667,,00:08:31,0.6380511411623844,0,0.016666666666667496,1.7591561884281748
12.4,,39.46412,-0.35792,8.533333333333333,,00:08:32,0.00999999999606871,0,0.01666666666666572,1.7629611163314345
12.5,,39.46392,-0.35802,8.55,,00:08:33,0.22360679774955713,0,0.016666666666667496,1.7666867789496796
12.6,,39.46365,-0.35812,8.566666666666666,,00:08:34,0.28792360097816494,0,0.01666666666666572,1.7702258513456794
12.6,,39.46351000000001,-0.35829,8.583333333333334,,00:08:35,0.2202271554520858,0,0.016666666666667496,1.7737597966140881
12.6,,39.463550000000005,-0.3587,8.6,,00:08:36,0.41194659848079396,0,0.01666666666666572,1.7780412302987598
12.6,,39.463800000000006,-0.35885,8.616666666666667,,00:08:37,0.2915475947432801,0,0.016666666666667496,1.7819868887495829
12.7,,39.4643,-0.35895,8.633333333333333,,00:08:38,0.5099019513546499,0,0.01666666666666572,1.7857466598333784
12.7,,39.46482500031068,-0.3592099980490813,8.65,,00:08:39,0.5858534899965736,0,0.016666666666667496,1.7895800225197513
12.7,,39.46535,-0.35947,8.666666666666666,,00:08:40,0.5858546647983152,0,0.01666666666666572,1.793194759612351
12.8,,39.46605750146428,-0.3598049897929624,8.683333333333334,,00:08:41,0.7828004109237868,0,0.016666666666667496,1.7972153192516391
12.9,,39.46676500196746,-0.360139986397548,8.7,,00:08:42,0.7828024572566412,0,0.01666666666666572,1.8018202621140365
13.0,,39.46747250150951,-0.3604749898140575,8.716666666666667,,00:08:43,0.7828045037411281,0,0.016666666666667496,1.806283401954125
13.2,,39.46818,-0.36081,8.733333333333333,,00:08:44,0.7828064503587951,0,0.01666666666666572,1.8106501747746104
13.3,,39.46817,-0.36081,8.75,,00:08:45,0.00999999999606871,0,0.016666666666667496,1.8148553216617989
13.4,,39.46836,-0.36094,8.766666666666667,,00:08:46,0.23021728866140181,0,0.016666666666667496,1.8189799608876447
13.4,,39.46835,-0.36094,8.783333333333333,,00:08:47,0.00999999999606871,0,0.01666666666666572,1.8227501711305099
13.5,,39.46847,-0.36117,8.8,,00:08:48,0.25942243542264937,0,0.016666666666667496,1.8264415218013017
13.5,,39.46862,-0.36133,8.816666666666666,,00:08:49,0.2193171219931543,0,0.01666666666666572,1.830062425936896
13.5,,39.46907,-0.36128,8.833333333333334,,00:08:50,0.45276925690759334,0,0.016666666666667496,1.8338870273652725
13.5,,39.46933000000001,-0.36144,8.85,,00:08:51,0.3052867504531914,0,0.01666666666666572,1.8374503276245242
13.5,,39.46942000000001,-0.3615,8.866666666666667,,00:08:52,0.10816653826404325,0,0.016666666666667496,1.8409003066228877
13.4,,39.46945,-0.36157,8.883333333333333,,00:08:53,0.07615773105680554,0,0.01666666666666572,1.8446791378965912
13.4,,39.46951000000001,-0.3616,8.9,,00:08:54,0.06708203932930591,0,0.016666666666667496,1.8489221429213876
13.4,,39.46958,-0.36158,8.916666666666666,,00:08:55,0.07280109888683134,0,0.01666666666666572,1.8528423723155352
13.4,,39.47028890015429,-0.3621532866050247,8.933333333333334,,00:08:56,0.9117000385259998,0,0.016666666666667496,1.8561126313874827
13.4,,39.47099779749372,-0.3627265848919464,8.95,,00:08:57,0.911705195579599,0,0.01666666666666572,1.859361059703961
13.3,,39.47170669201814,-0.3632998948612513,8.966666666666667,,00:08:58,0.9117103529355213,0,0.016666666666667496,1.8630791105233784
13.3,,39.47241558372743,-0.3638732165134257,8.983333333333333,,00:08:59,0.9117155106491338,0,0.01666666666666572,1.8669993413395503
13.2,,39.47312447262146,-0.3644465498489557,9.0,,00:09:00,0.9117206686816378,0,0.016666666666667496,1.8709400200236588
13.2,,39.47383335870012,-0.3650198948683275,9.016666666666667,,00:09:01,0.9117258270772798,0,0.016666666666667496,1.8745447206790693
13.1,,39.47454224196324,-0.3655932515720276,9.033333333333331,,00:09:02,0.9117309857700228,0,0.016666666666663943,1.8781750559473875
13.0,,39.47525112241075,-0.3661666199605423,9.05,,00:09:03,0.9117361448370157,0,0.016666666666669272,1.8821476691487926
12.9,,39.47596,-0.36674,9.066666666666666,,00:09:04,0.9117412495852265,0,0.01666666666666572,1.886842875243627
12.8,,39.47641,-0.36711,9.083333333333334,,00:09:05,0.5825804665457306,0,0.016666666666667496,1.8909247360331591
12.8,,39.47654,-0.36726,9.1,,00:09:06,0.19849433241188313,0,0.01666666666666572,1.8949364871029426
12.7,,39.476560000000006,-0.3673,9.116666666666667,,00:09:07,0.044721359552870606,0,0.016666666666667496,1.899422193402136
12.7,,39.47663,-0.36735,9.133333333333333,,00:09:08,0.08602325266537568,0,0.01666666666666572,1.9036431512212442
12.7,,39.47664,-0.36736,9.15,,00:09:09,0.014142135625982474,0,0.016666666666667496,1.9072578963380065
12.7,,39.47711,-0.36778,9.166666666666666,,00:09:10,0.6303173803727389,0,0.01666666666666572,1.9113433211329185
12.7,,39.47719,-0.36834,9.183333333333334,,00:09:11,0.5656854249488147,0,0.016666666666667496,1.9156291968314623
12.8,,39.47727,-0.36851,9.2,,00:09:12,0.18788294227927294,0,0.01666666666666572,1.9197538487423929
12.8,,39.47769333727806,-0.3691799920030617,9.216666666666669,,00:09:13,0.7925299585288724,0,0.016666666666669272,1.923214231237333
12.8,,39.47811667071132,-0.3698499921611264,9.233333333333333,,00:09:14,0.7925347989352678,0,0.016666666666663943,1.9267260421704144
12.9,,39.47854,-0.37052,9.25,,00:09:15,0.7925390784093702,0,0.016666666666667496,1.9302178727287362
12.9,,39.478910000000006,-0.37131,9.266666666666667,,00:09:16,0.8723531395041301,0,0.016666666666667496,1.9335054373843672
13.1,,39.479130000000005,-0.37157,9.3,,00:09:18,0.3405877273177668,0,0.033333333333333215,1.9394479070474315
13.2,,39.4797,-0.37211,9.316666666666666,,00:09:19,0.7851751396953639,0,0.01666666666666572,1.9438946914497586
13.3,,39.48006,-0.3729,9.333333333333334,,00:09:20,0.8681589716177789,0,0.016666666666667496,1.9479432068716842
13.3,,39.4802,-0.37314,9.35,,00:09:21,0.2778488797899213,0,0.01666666666666572,1.9516345727650914
13.4,,39.48061500140851,-0.3737299963627279,9.366666666666667,,00:09:22,0.7213334021752745,0,0.016666666666667496,1.95534098093901
13.6,,39.48103,-0.37432,9.383333333333333,,00:09:23,0.7213377315316201,0,0.01666666666666572,1.9585894216336264
13.7,,39.48138,-0.3748,9.4,,00:09:24,0.594053869613854,0,0.016666666666667496,1.962193510559672
13.8,,39.48163,-0.37511,9.416666666666666,,00:09:25,0.39824615503552896,0,0.01666666666666572,1.9659339611447952
13.9,,39.48185,-0.37548,9.433333333333334,,00:09:26,0.43046486499997655,0,0.016666666666667496,1.9691956454918684
13.9,,39.48226500247638,-0.3762449953800742,9.45,,00:09:27,0.8703131545235226,0,0.01666666666666572,1.972526721570872
13.7,,39.48268,-0.37701,9.466666666666669,,00:09:28,0.8703189146047408,0,0.016666666666669272,1.9760611378460866
13.6,,39.48274,-0.3772,9.483333333333333,,00:09:29,0.19924858845099822,0,0.016666666666663943,1.9796626820823187
13.5,,39.48279500205471,-0.3778949992744425,9.5,,00:09:30,0.6971723011549666,0,0.016666666666667496,1.9834701241246302
13.4,,39.482850000000006,-0.37859,9.516666666666667,,00:09:31,0.6971734235557911,0,0.016666666666667496,1.9872299083689948
13.3,,39.4829,-0.37939,9.533333333333331,,00:09:32,0.801560977093753,0,0.016666666666663943,1.990739670156234
13.2,,39.48293,-0.38041,9.55,,00:09:33,1.0204410811017888,0,0.016666666666669272,1.9940849175405566
13.1,,39.48297,-0.38071,9.566666666666666,,00:09:34,0.30265491900819824,0,0.01666666666666572,1.9972795794406817
12.8,,39.48282,-0.38149,9.6,,00:09:36,0.7942921376933668,0,0.033333333333333215,2.003233598273349
12.7,,39.48274,-0.38171,9.616666666666667,,00:09:37,0.23409399821335558,0,0.016666666666667496,2.0063650340198236
12.6,,39.48266,-0.3821,9.633333333333333,,00:09:38,0.3981205847472805,0,0.01666666666666572,2.0096992893035877
12.5,,39.482420000000005,-0.38269,9.65,,00:09:39,0.6369458375710019,0,0.016666666666667496,2.0133033896244954
12.3,,39.48216500149336,-0.3832850022347467,9.666666666666666,,00:09:40,0.6473421797985364,0,0.01666666666666572,2.0175713948569025
12.2,,39.481910000000006,-0.38388,9.683333333333334,,00:09:41,0.6473392482055831,0,0.016666666666667496,2.0213444992464726
12.1,,39.48178,-0.38413,9.7,,00:09:42,0.28178005607477885,0,0.01666666666666572,2.025141552940828
12.1,,39.481640000000006,-0.38406,9.716666666666669,,00:09:43,0.15652475842025124,0,0.016666666666669272,2.028635919820152
12.0,,39.481030000880736,-0.3836299962913861,9.733333333333333,,00:09:44,0.7463257431790055,0,0.016666666666663943,2.0322765497045605
11.9,,39.48042,-0.3832,9.75,,00:09:45,0.7463229094043146,0,0.016666666666667496,2.0360839995322664
11.8,,39.48038,-0.38311,9.766666666666667,,00:09:46,0.0984885780202126,0,0.016666666666667496,2.0400585861930973
11.7,,39.48038,-0.38295,9.783333333333331,,00:09:47,0.15999999999999348,0,0.016666666666663943,2.0443593605817836
11.7,,39.48049,-0.38283,9.8,,00:09:48,0.1627882059653917,0,0.016666666666669272,2.048483188980501
11.6,,39.480610000000006,-0.38262,9.816666666666666,,00:09:49,0.24186773245021742,0,0.01666666666666572,2.0522534611603844
11.6,,39.480875002453125,-0.3818550030681706,9.833333333333334,,00:09:50,0.8095965698220415,0,0.016666666666667496,2.056228050804383
11.5,,39.48114,-0.38109,9.85,,00:09:51,0.8096007622044804,0,0.01666666666666572,2.0600766443796634
11.5,,39.48118,-0.38095,9.866666666666667,,00:09:52,0.14560219778516886,0,0.016666666666667496,2.064433739319828
11.5,,39.48122,-0.38068,9.883333333333333,,00:09:53,0.27294688127889427,0,0.01666666666666572,2.068764941921872
11.4,,39.48122,-0.38046,9.9,,00:09:54,0.21999999999999797,0,0.016666666666667496,2.072529081459179
11.4,,39.48113,-0.37989,9.916666666666666,,00:09:55,0.5770615218501778,0,0.01666666666666572,2.076007652893236
11.4,,39.480990000000006,-0.37912,9.933333333333334,,00:09:56,0.7826237921239714,0,0.016666666666667496,2.079443306653022
11.3,,39.48085,-0.37862,9.95,,00:09:57,0.5192301994322898,0,0.01666666666666572,2.083216421983531
11.3,,39.48059000000001,-378,9.966666666666669,,00:09:58,0.6723094525550666,0,0.016666666666669272,2.0870609548707195
11.2,,39.48011500299733,-0.3771749945092298,9.983333333333333,,00:09:59,0.9519749011148492,0,0.016666666666663943,2.090675523959897
11.1,,39.47964,-0.37635,10.0,,00:10:00,0.9519683753825924,0,0.016666666666667496,2.0940097906035544
11.0,,39.479510000000005,-0.37607,10.016666666666667,,00:10:01,0.30870698080808845,0,0.016666666666667496,2.0972422675769438
10.9,,39.479290000000006,-0.37551,10.033333333333331,,00:10:02,0.6016643582592103,0,0.016666666666663943,2.1009014783004742
10.8,,39.47892,-0.3747,10.05,,00:10:03,0.8905054744373181,0,0.016666666666669272,2.1048966759908723
10.8,,39.47862000220998,-0.373979996870468,10.066666666666666,,00:10:04,0.7800020388143657,0,0.01666666666666572,2.108443886173147
10.8,,39.47832,-0.37326,10.083333333333334,,00:10:05,0.7799979612013151,0,0.016666666666667496,2.1120767682562045
10.7,,39.477903337210336,-0.3725899920250906,10.1,,00:10:06,0.7889984580024265,0,0.01666666666666572,2.11584988858676
10.7,,39.47748667057579,-0.371919992076837,10.116666666666667,,00:10:07,0.7889936723452708,0,0.016666666666667496,2.1193777240586344
10.7,,39.477070000000005,-0.37125,10.133333333333333,,00:10:08,0.7889890694756263,0,0.01666666666666572,2.123195231922761
10.6,,39.476850000000006,-0.37098,10.15,,00:10:09,0.34828149534462444,0,0.016666666666667496,2.127132747083969
10.6,,39.47617,-0.37025,10.166666666666666,,00:10:10,0.9976472322437294,0,0.01666666666666572,2.1312065218107095
10.6,,39.47586,-0.36999,10.183333333333334,,00:10:11,0.40459856648752096,0,0.016666666666667496,2.135042237736884
10.5,,39.4755,-0.36986,10.2,,00:10:12,0.3827531841806278,0,0.01666666666666572,2.1387334137162113
10.5,,39.475190000000005,-0.36978,10.216666666666669,,00:10:13,0.32015621186372495,0,0.016666666666669272,2.1425065375121477
10.5,,39.47470500001126,-0.3697900000694927,10.233333333333333,,00:10:14,0.4851030720065678,0,0.016666666666663943,2.1459851180539076
10.4,,39.47422,-0.3698,10.25,,00:10:15,0.48510309165381343,0,0.016666666666667496,2.1493625496409607
10.3,,39.47411,-0.36984,10.266666666666667,,00:10:16,0.11704699910661615,0,0.016666666666667496,2.152883525280616
10.3,,39.47373,-0.36985,10.283333333333331,,00:10:17,0.3801315561747895,0,0.016666666666663943,2.1560236141594533
10.2,,39.47297,-0.37001,10.3,,00:10:18,0.7766595135645129,0,0.016666666666669272,2.1593898455232283
10.3,,39.472750000000005,-0.37007,10.316666666666666,,00:10:19,0.22803508501179356,0,0.01666666666666572,2.1629542959718937
10.3,,39.47272,-0.37012,10.333333333333334,,00:10:20,0.058309518949691816,0,0.016666666666667496,2.166491589914846
10.3,,39.4727,-0.37021,10.35,,00:10:21,0.0921954445727441,0,0.01666666666666572,2.170245932065048
10.4,,39.47290501323685,-0.3712249910348835,10.366666666666667,,00:10:22,1.0354888836559686,0,0.016666666666667496,2.173714589977382
10.4,,39.47311001765021,-0.3722399880515327,10.383333333333333,,00:10:23,1.0354930001229972,0,0.01666666666666572,2.1773449763362955
10.5,,39.47331501323995,-0.373254991049769,10.4,,00:10:24,1.03549711648163,0,0.016666666666667496,2.182087447742983
10.5,,39.47352,-0.37427,10.416666666666666,,00:10:25,1.035501202725603,0,0.01666666666666572,2.1879442426665454
10.6,,39.473490000000005,-0.3743,10.433333333333334,,00:10:26,0.04242640686789883,0,0.016666666666667496,2.1936734157384064
10.7,,39.47345,-0.37431,10.45,,00:10:27,0.041231056261589745,0,0.01666666666666572,2.198924459341585
10.7,,39.473200000000006,-0.37431,10.466666666666669,,00:10:28,0.24999999999408828,0,0.016666666666669272,2.203583089765325
10.8,,39.472820000000006,-0.3744,10.483333333333333,,00:10:29,0.3905124837951703,0,0.016666666666663943,2.2075570036305203
10.8,,39.472750000000005,-0.37446,10.5,,00:10:30,0.09219544457361716,0,0.016666666666667496,2.211263450260768
10.8,,39.472570000000005,-0.37446,10.516666666666667,,00:10:31,0.18000000000029104,0,0.016666666666667496,2.215226459514679
10.8,,39.47185,-0.37431,10.533333333333331,,00:10:32,0.7354590403290233,0,0.016666666666663943,2.2191671928843233
10.7,,39.47123999991238,-0.3742449994188585,10.55,,00:10:33,0.6134534884181027,0,0.016666666666669272,2.2233910443191873
10.7,,39.47063,-0.37418,10.566666666666666,,00:10:34,0.6134531910037472,0,0.01666666666666572,2.227360080004832
10.7,,39.47055,-0.37417,10.583333333333334,,00:10:35,0.0806225774799815,0,0.016666666666667496,2.2311144234678415
10.7,,39.47048,-0.37408,10.6,,00:10:36,0.1140175425104514,0,0.01666666666666572,2.2350693153735275
10.6,,39.47041,-0.37434,10.616666666666667,,00:10:37,0.2692582403569429,0,0.016666666666667496,2.2386920726785915
10.5,,39.47039,-0.37462,10.633333333333333,,00:10:38,0.2807133769523125,0,0.01666666666666572,2.243640483419643
10.5,,39.47039,-0.37465,10.65,,00:10:39,0.02999999999997449,0,0.016666666666667496,2.2484279006366625
10.4,,39.47033500152111,-0.375250000698004,10.666666666666666,,00:10:40,0.602516116204417,0,0.01666666666666572,2.252642596981336
10.3,,39.47028,-0.37585,10.683333333333334,,00:10:41,0.6025150037298003,0,0.016666666666667496,2.2564479259460577
10.2,,39.46997,-0.37593,10.7,,00:10:42,0.3201562118705911,0,0.01666666666666572,2.260129930457298
10.1,,39.469660000000005,-0.37585,10.716666666666669,,00:10:43,0.3201562118705911,0,0.016666666666669272,2.2636417810934044
10.0,,39.46965,-0.37585,10.733333333333333,,00:10:44,0.010000000003174137,0,0.016666666666663943,2.2671320881973016
9.9,,39.46941,-0.37587,10.75,,00:10:45,0.24083189157386936,0,0.016666666666667496,2.270529999524586
9.9,,39.46934,-0.37601,10.766666666666667,,00:10:46,0.1565247584254149,0,0.016666666666667496,2.273932713346948
9.8,,39.46934,-0.37602,10.783333333333331,,00:10:47,0.010000000000010001,0,0.016666666666663943,2.276930706330282
9.8,,39.46932,-0.37666,10.816666666666666,,00:10:49,0.6403124237432352,0,0.03333333333333499,2.2825259699304485
9.7,,39.469350000000006,-0.37694,10.85,,00:10:51,0.28160255680683444,0,0.033333333333333215,2.288430471219076
9.7,,39.46958000277229,-0.3777399974656052,10.866666666666667,,00:10:52,0.8324044811466694,0,0.016666666666667496,2.291516198007521
9.7,,39.46981,-0.37854,10.883333333333333,,00:10:53,0.8324078205985767,0,0.01666666666666572,2.295300011321355
9.7,,39.46968,-0.37865,10.9,,00:10:54,0.17029386366364263,0,0.016666666666667496,2.2986813127195833
9.7,,39.46927000039332,-0.37895000176193,10.916666666666666,,00:10:55,0.5080361548493524,0,0.01666666666666572,2.3021265438570326
9.7,,39.46886000000001,-0.37925,10.933333333333334,,00:10:56,0.5080347088186205,0,0.016666666666667496,2.306004028354716
9.7,,39.46892,-0.37921,10.95,,00:10:57,0.07211102550146914,0,0.01666666666666572,2.310499322012957
9.6,,39.468340000000005,-0.37962,10.966666666666669,,00:10:58,0.7102816342768772,0,0.016666666666669272,2.314793379966073
9.6,,39.4682,-0.37978,10.983333333333333,,00:10:59,0.2126029162558769,0,0.016666666666663943,2.3184646628069343
9.7,,39.46827,-0.38011,11.0,,00:11:00,0.33734255586736994,0,0.016666666666667496,2.322196372534725
9.7,,39.46847,-0.3807,11.016666666666667,,00:11:01,0.6229767250890128,0,0.016666666666667496,2.3263080676440033
9.7,,39.46882,-0.3815,11.033333333333331,,00:11:02,0.8732124598276311,0,0.016666666666663943,2.3300895652375804
9.8,,39.46932667016441,-0.3821399906664465,11.05,,00:11:03,0.816273672639536,0,0.016666666666669272,2.333842879329182
9.8,,39.469833336820834,-0.3827799906533823,11.066666666666666,,00:11:04,0.8162788028646067,0,0.01666666666666572,2.3372486056263284
9.9,,39.47034,-0.38342,11.083333333333334,,00:11:05,0.816283982986898,0,0.016666666666667496,2.340492686441863
9.9,,39.47036000000001,-0.38349,11.1,,00:11:06,0.07280109889456313,0,0.01666666666666572,2.3438019265882284
9.9,,39.47035000156673,-0.3840950001291823,11.116666666666667,,00:11:07,0.6050827422581206,0,0.016666666666667496,2.347490577523313
9.9,,39.47034,-0.3847,11.133333333333333,,00:11:08,0.6050825357143015,0,0.01666666666666572,2.351216793768861
9.9,,39.47039,-0.38487,11.15,,00:11:09,0.1772004514671652,0,0.016666666666667496,2.354441440028796
9.9,,39.47080000024375,-0.3851849980046099,11.183333333333334,,00:11:11,0.517033792687377,0,0.033333333333333215,2.360895343898331
9.9,,39.471210000000006,-0.3855,11.2,,00:11:12,0.5170358374726817,0,0.01666666666666572,2.3649362987226565
9.9,,39.47198,-0.38602,11.216666666666669,,00:11:13,0.9291393867409615,0,0.016666666666669272,2.3689848958403
9.8,,39.4727250035464,-0.3865474830339944,11.233333333333333,,00:11:14,0.9128354919145953,0,0.016666666666663943,2.372873552352196
9.7,,39.47347000470972,-0.387074977364943,11.25,,00:11:15,0.9128400750001474,0,0.016666666666667496,2.377743614954866
9.6,,39.47421500348983,-0.3876024829933509,11.266666666666667,,00:11:16,0.9128446584020146,0,0.016666666666667496,2.382632682290396
9.5,,39.47496,-0.38813,11.283333333333331,,00:11:17,0.9128493810434762,0,0.016666666666663943,2.386077926429666
9.5,,39.47494,-0.38817,11.316666666666666,,00:11:19,0.044721359552870606,0,0.03333333333333499,2.3901559127295435
9.5,,39.47570501017158,-0.3887524551591122,11.35,,00:11:21,0.9615064092367192,0,0.033333333333333215,2.3950423392644473
9.5,,39.4764700174374,-0.3893349231288478,11.383333333333333,,00:11:23,0.9615118577138798,0,0.033333333333333215,2.400261475805127
9.4,,39.47723502179735,-0.3899174039097883,11.416666666666666,,00:11:25,0.9615173066070858,0,0.033333333333333215,2.4065765660185887
9.3,,39.47800002325127,-0.3904998975025154,11.433333333333334,,00:11:26,0.9615227558769504,0,0.016666666666667496,2.4106273385702415
9.2,,39.47876502179903,-0.3910824039076108,11.45,,00:11:27,0.9615282055403839,0,0.01666666666666572,2.4145119141909315
9.1,,39.47953001744048,-0.3916649231256565,11.466666666666669,,00:11:28,0.9615336555919863,0,0.016666666666669272,2.4186592127781177
9.0,,39.48029501017546,-0.3922474551572339,11.483333333333333,,00:11:29,0.9615391060087937,0,0.016666666666663943,2.4221196603914605
9.0,,39.48106000000001,-0.39283,11.5,,00:11:30,0.9615445520060094,0,0.016666666666667496,2.425116324394563
8.8,,39.48103,-0.39339,11.533333333333331,,00:11:32,0.5608029957129124,0,0.03333333333333144,2.4314475329845875
8.7,,39.48105,-0.39336,11.55,,00:11:33,0.03605551275818625,0,0.016666666666669272,2.4351384861947434
8.6,,39.481010000000005,-0.39354,11.566666666666666,,00:11:34,0.1843908891455424,0,0.01666666666666572,2.4384696083916193
8.4,,39.48071500190509,-0.3942050027952418,11.583333333333334,,00:11:35,0.7274974870630861,0,0.016666666666667496,2.4418829209848316
8.3,,39.48042,-0.39487,11.6,,00:11:36,0.7274939218586447,0,0.01666666666666572,2.445664063412994
8.2,,39.48044,-0.39482,11.616666666666667,,00:11:37,0.05385164807105873,0,0.016666666666667496,2.4489482313499034
8.0,,39.48005201424541,-0.3957320203558965,11.633333333333333,,00:11:38,0.9911175890560632,0,0.01666666666666572,2.452006214015881
7.9,,39.47966402136656,-0.396644030536999,11.65,,00:11:39,0.9911110152108771,0,0.016666666666667496,2.4559437881128363
7.8,,39.479276021363646,-0.3975560305433747,11.666666666666666,,00:11:40,0.991104441464508,0,0.01666666666666572,2.460101826155443
7.7,,39.47888801423684,-0.3984680203750906,11.683333333333334,,00:11:41,0.9910978678250927,0,0.016666666666667496,2.4641914658756763
7.5,,39.4785,-0.39938,11.7,,00:11:42,0.9910912592897763,0,0.01666666666666572,2.4690961554783653
7.4,,39.478350000000006,-0.39989,11.716666666666669,,00:11:43,0.5316013543974858,0,0.016666666666669272,2.4745330765482128
7.3,,39.47834,-0.40009,11.733333333333333,,00:11:44,0.20024984394514436,0,0.016666666666663943,2.4791701980518313
7.2,,39.47836667192171,-0.400873332716081,11.75,,00:11:45,0.7837866645270949,0,0.016666666666667496,2.4834001957344114
7.2,,39.47839333858782,-0.4016566660328315,11.766666666666667,,00:11:46,0.7837870860206425,0,0.016666666666667496,2.487197326618842
7.2,,39.47842,-0.40244,11.783333333333331,,00:11:47,0.7837875573261569,0,0.016666666666663943,2.491306571619342
7.2,,39.478480000000005,-0.40346,11.8,,00:11:48,1.0217631819558335,0,0.016666666666669272,2.495297248224622
7.2,,39.478530000000006,-0.4046,11.816666666666666,,00:11:49,1.1410959644132628,0,0.01666666666666572,2.499070428406226
7.2,,39.47835000335308,-0.4054850022956291,11.833333333333334,,00:11:50,0.9031211746903238,0,0.016666666666667496,2.502464347729133
7.2,,39.478170000000006,-0.40637,11.85,,00:11:51,0.9031180121441462,0,0.01666666666666572,2.5054690270946223
7.2,,39.47812,-0.40649,11.866666666666667,,00:11:52,0.13000000000337955,0,0.016666666666667496,2.508653178031548
7.3,,39.4775600002374,-0.4063699990715965,11.883333333333333,,00:11:53,0.5727128049228267,0,0.01666666666666572,2.5122836157741486
7.3,,39477,-0.40625,11.9,,00:11:54,0.5727128801411131,0,0.016666666666667496,2.5159973444846564
7.3,,39.47629000011246,-0.4060899983676092,11.916666666666666,,00:11:55,0.7278051680669819,0,0.01666666666666572,2.5196896328322773
7.3,,39.47558,-0.40593,11.933333333333334,,00:11:56,0.727804669766988,0,0.016666666666667496,2.523225173929299
7.3,,39.4750299999734,-0.4058399992784273,11.95,,00:11:57,0.5573151345004368,0,0.01666666666666572,2.526723306049191
7.3,,39.47448,-0.40575,11.966666666666669,,00:11:58,0.5573148489488623,0,0.016666666666669272,2.529980475982875
7.3,,39.47384500008466,-0.4056149987691947,11.983333333333333,,00:11:59,0.6491919783874234,0,0.016666666666663943,2.5334170561347107
7.3,,39.47321,-0.40548,12.0,,00:12:00,0.6491916321072383,0,0.016666666666667496,2.536906891322953
7.3,,39.47261,-0.40539,12.016666666666667,,00:12:01,0.6067124524833227,0,0.016666666666667496,2.5406448399284107
7.3,,39.47245,-0.40543,12.033333333333331,,00:12:02,0.164924225025733,0,0.016666666666663943,2.544599766901943
7.4,,39.47231,-0.40543,12.05,,00:12:03,0.14000000000180535,0,0.016666666666669272,2.548133793223686
7.4,,39.47143500011981,-0.4052499977323914,12.083333333333334,,00:12:05,0.8933227897433539,0,0.033333333333333215,2.5539137375136796
7.4,,39.470560000000006,-0.40507,12.1,,00:12:06,0.8933221106214868,0,0.01666666666666572,2.5574961858684366
7.4,,39.47043,-0.40512,12.116666666666667,,00:12:07,0.1392838827771935,0,0.016666666666667496,2.561163015711732
7.5,,39.470400000000005,-0.40515,12.133333333333333,,00:12:08,0.04242640686789883,0,0.01666666666666572,2.5646256290149307
7.6,,39.46997,-0.4053,12.15,,00:12:09,0.45541190147082444,0,0.016666666666667496,2.5679559327507087
7.6,,39.46951500000976,-0.4054200007983899,12.166666666666666,,00:12:10,0.4705583733593424,0,0.01666666666666572,2.571445773089701
7.7,,39.469060000000006,-0.40554,12.183333333333334,,00:12:11,0.47055798501400004,0,0.016666666666667496,2.5746704478507243
7.8,,39.468485000103584,-0.4057350016314732,12.2,,00:12:12,0.6071659716769897,0,0.01666666666666572,2.577916142897625
7.8,,39.46791,-0.40593,12.216666666666669,,00:12:13,0.6071651199187322,0,0.016666666666669272,2.581357266456207
7.9,,39.46743,-0.40584,12.233333333333333,,00:12:14,0.48836461788608826,0,0.016666666666663943,2.5846365111778717
7.9,,39.467090000000006,-0.40571,12.25,,00:12:15,0.36400549445862695,0,0.016666666666667496,2.5882575361783324
8.0,,39.46631000009113,-0.4056224970569316,12.266666666666667,,00:12:16,0.7848927461103937,0,0.016666666666667496,2.5920755565223677
8.1,,39.46553000011668,-0.4055349960754333,12.283333333333331,,00:12:17,0.7848925925893906,0,0.016666666666663943,2.595643713008712
8.1,,39.464750000076656,-0.4054474970554069,12.3,,00:12:18,0.7848924390912796,0,0.016666666666669272,2.599340024423039
8.2,,39.46397,-0.40536,12.316666666666666,,00:12:19,0.7848922564800738,0,0.01666666666666572,2.6030039228451467
8.4,,39.46374,-0.40535,12.333333333333334,,00:12:20,0.23021728866637622,0,0.016666666666667496,2.606700235514451
8.5,,39.46361,-0.40528,12.35,,00:12:21,0.1476482306011357,0,0.01666666666666572,2.610981768133296
8.7,,39.46351000000001,-0.40528,12.366666666666667,,00:12:22,0.09999999999621423,0,0.016666666666667496,2.614826631031211
8.9,,39.463420000000006,-0.40532,12.383333333333333,,00:12:23,0.09848857801811027,0,0.01666666666666572,2.618711235935547
9.2,,39.462970000000006,-0.40529,12.4,,00:12:24,0.45099889135191523,0,0.016666666666667496,2.622636474509705
9.4,,39.46276,-0.40522,12.416666666666666,,00:12:25,0.22135943621434265,0,0.01666666666666572,2.6259241260071686
9.6,,39.46219500055665,-0.4048649971288096,12.433333333333334,,00:12:26,0.6672716160195885,0,0.016666666666667496,2.629189344087852
9.9,,39.46163000000001,-0.40451,12.45,,00:12:27,0.6672695036247085,0,0.01666666666666572,2.632398726155172
10.1,,39.46089000257906,-0.4040624857308281,12.466666666666669,,00:12:28,0.8647920004922521,0,0.016666666666669272,2.6359360814466637
10.2,,39.46015000344303,-0.4036149809773561,12.5,,00:12:30,0.8647885439258785,0,0.03333333333333144,2.641716044074343
10.2,,39.45941000259202,-0.4031674857391534,12.516666666666667,,00:12:31,0.8647850875854144,0,0.016666666666667496,2.6447392029547134
10.3,,39.458670000000005,-0.40272,12.55,,00:12:33,0.8647816620040686,0,0.033333333333333215,2.6513492516312924
10.4,,39.45859,-0.40247,12.566666666666666,,00:12:34,0.2624880949694029,0,0.01666666666666572,2.6556476818851054
10.5,,39.45866,-0.4019,12.583333333333334,,00:12:35,0.574282160614574,0,0.016666666666667496,2.659620415171465
10.6,,39.45928167650885,-0.4012216969689351,12.6,,00:12:36,0.9200960186889167,0,0.01666666666666572,2.663265692871131
10.7,,39.45990334907741,-0.4005433818214695,12.616666666666667,,00:12:37,0.9201022887573673,0,0.016666666666667496,2.6670707564855616
10.8,,39.46052501770551,-0.3998650545571954,12.633333333333333,,00:12:38,0.9201085591496488,0,0.01666666666666572,2.670476516369469
10.9,,39.46114668239301,-0.3991867151757054,12.666666666666666,,00:12:40,0.9201148298800113,0,0.033333333333333215,2.6766433313958644
11.1,,39.46176834313973,-0.3985083636765918,12.683333333333334,,00:12:41,0.920121100924667,0,0.016666666666667496,2.6806064339367235
11.2,,39.462390000000006,-0.39783,12.7,,00:12:42,0.9201274529359738,0,0.01666666666666572,2.6845804409456577
11.2,,39.462390000000006,-0.39782,12.716666666666669,,00:12:43,0.010000000000010001,0,0.016666666666669272,2.6883135657669226
11.2,,39.46303500205367,-0.3971150066152906,12.733333333333333,,00:12:44,0.955533003991788,0,0.016666666666663943,2.6919260607292546
11.2,,39.46368,-0.39641,12.75,,00:12:45,0.9555399930750331,0,0.016666666666667496,2.695339983819719
11.1,,39.464000000000006,-0.39603,12.766666666666667,,00:12:46,0.4967896939408895,0,0.016666666666667496,2.6987522818600413
11.1,,39.464605001829206,-0.3953700057770286,12.783333333333331,,00:12:47,0.895332110275902,0,0.016666666666663943,2.70191926022565
11.0,,39.465210000000006,-0.39471,12.816666666666666,,00:12:49,0.8953381553261207,0,0.03333333333333499,2.7085378347298037
11.0,,39.46538,-0.3945,12.833333333333334,,00:12:50,0.27018512172030257,0,0.016666666666667496,2.712027690977877
10.9,,39.46600000176895,-0.3938400059827875,12.85,,00:12:51,0.9055353644389864,0,0.01666666666666572,2.7161911868699153
10.9,,39.466620000000006,-0.39318,12.866666666666667,,00:12:52,0.9055416632224715,0,0.016666666666667496,2.720339847215635
10.8,,39.46703500042084,-0.3928900016870755,12.883333333333333,,00:12:53,0.5062848711880592,0,0.01666666666666572,2.724021907968085
10.8,,39.46745000000001,-0.3926,12.9,,00:12:54,0.5062861139835635,0,0.016666666666667496,2.728041300670637
10.7,,39.46728001720066,-0.3915979902275349,12.916666666666666,,00:12:55,1.0163256053992507,0,0.01666666666666572,2.7321652248670643
10.7,,39.4671100258025,-0.3905959853505277,12.933333333333334,,00:12:56,1.0163222171115158,0,0.016666666666667496,2.7361379682627343
10.6,,39.46694002580559,-0.3895939853691727,12.95,,00:12:57,1.0163188287065692,0,0.01666666666666572,2.7397862324360474
10.6,,39.46677001721005,-0.3885919902836637,12.966666666666669,,00:12:58,1.0163154401766386,0,0.016666666666669272,2.7435896778658706
10.5,,39.4666,-0.38759,12.983333333333333,,00:12:59,1.0163121470643732,0,0.016666666666663943,2.747256534452457
10.5,,39.46640001866776,-0.3865459879903742,13.0,,00:13:00,1.0629927607872909,0,0.016666666666667496,2.7507780927855823
10.5,,39.46620002800074,-0.3855019819813766,13.016666666666667,,00:13:01,1.0629886235132189,0,0.016666666666667496,2.75439914234002
10.5,,39.46600002799909,-0.3844579819732099,13.033333333333331,,00:13:02,1.0629844861116577,0,0.016666666666663943,2.757763824373268
10.5,,39.46580001866294,-0.3834139879660773,13.05,,00:13:03,1.0629803485836156,0,0.016666666666669272,2.760957700140833
10.4,,39.4656,-0.38237,13.066666666666666,,00:13:04,1.0629761703996363,0,0.01666666666666572,2.764624557134806
10.4,,39.46566,-0.38203,13.083333333333334,,00:13:05,0.3452535300322535,0,0.016666666666667496,2.767954336990461
10.4,,39.465770000000006,-0.38174,13.1,,00:13:06,0.3101612483876793,0,0.01666666666666572,2.77146624924992
10.4,,39.46582,-0.38165,13.116666666666667,,00:13:07,0.10295630140725553,0,0.016666666666667496,2.775032315098908
10.3,,39.46613,-0.38137,13.133333333333333,,00:13:08,0.4177319714833103,0,0.01666666666666572,2.7787759875163616
10.3,,39.46678500104514,-0.380860004853897,13.15,,00:13:09,0.8301333737310014,0,0.016666666666667496,2.782853568307472
10.3,,39.46744,-0.38035,13.166666666666666,,00:13:10,0.8301376885023947,0,0.01666666666666572,2.786622448377236
10.2,,39.46745000000001,-0.38034,13.183333333333334,,00:13:11,0.014142135625982474,0,0.016666666666667496,2.790272113545192
10.2,,39.46807,-0.37986,13.2,,00:13:12,0.7840918313492055,0,0.01666666666666572,2.794380405034642
10.2,,39.4682,-0.37978,13.216666666666669,,00:13:13,0.1526433752296069,0,0.016666666666669272,2.7982550212970043
10.2,,39.46818,-0.37961,13.233333333333333,,00:13:14,0.17117242768698207,0,0.016666666666663943,2.8019263510942367
10.2,,39.467940000000006,-0.37879,13.25,,00:13:15,0.8544003745291888,0,0.016666666666667496,2.805476227275563
10.1,,39.46769500496446,-0.3777099960638297,13.266666666666667,,00:13:16,1.107443483697747,0,0.016666666666667496,2.809026104077699
10.1,,39.46745000000001,-0.37663,13.283333333333331,,00:13:17,1.107438003003004,0,0.016666666666663943,2.8125180386855413
10.1,,39.467300001468566,-0.376039998641328,13.3,,00:13:18,0.6087702051425696,0,0.016666666666669272,2.8159785340461765
10.1,,39.46715,-0.37545,13.316666666666666,,00:13:19,0.6087682952829292,0,0.01666666666666572,2.8193904536566894
10.1,,39.467110000000005,-0.3752,13.333333333333334,,00:13:20,0.25317977802210906,0,0.016666666666667496,2.823411161866678
10.1,,39.46712,-0.37504,13.35,,00:13:21,0.16031219541856223,0,0.01666666666666572,2.827291953595359
10.0,,39.46714,-0.37485,13.366666666666667,,00:13:22,0.1910497317453169,0,0.016666666666667496,2.8315735137485283
10.0,,39.4673,-0.37457,13.383333333333333,,00:13:23,0.3224903099324642,0,0.01666666666666572,2.8359916416774187
10.0,,39.4673,-0.37453,13.4,,00:13:24,0.040000000000040004,0,0.016666666666667496,2.8399869428190123
10.0,,39.46734,-0.37448,13.416666666666666,,00:13:25,0.0640312423733782,0,0.01666666666666572,2.8437132321034215
9.9,,39.46733,-0.37444,13.433333333333334,,00:13:26,0.0412310562569314,0,0.016666666666667496,2.8475578821768575
9.9,,39.467780000000005,-0.37379,13.45,,00:13:27,0.7905694150465403,0,0.01666666666666572,2.8517984301187087
9.8,,39.46781,-0.37371,13.466666666666669,,00:13:28,0.08544003745155203,0,0.016666666666669272,2.8559431339390393
9.7,,39.467870000000005,-0.37368,13.483333333333333,,00:13:29,0.06708203932930591,0,0.016666666666663943,2.860173201641828
9.6,,39.468410000000006,-0.37288,13.5,,00:13:30,0.9651942809615998,0,0.016666666666667496,2.864642904909241
9.4,,39.468990000000005,-0.37207,13.516666666666667,,00:13:31,0.9962429422581721,0,0.016666666666667496,2.869056381765749
9.3,,39.46903,-0.37198,13.533333333333331,,00:13:32,0.09848857801449176,0,0.016666666666663943,2.873387803117541
9.1,,39.4693800010292,-0.3715000023560758,13.55,,00:13:33,0.5940525722668732,0,0.016666666666669272,2.877753872901202
8.9,,39.469730000000006,-0.37102,13.566666666666666,,00:13:34,0.5940551669690393,0,0.01666666666666572,2.8821208320421694
8.7,,39.46997,-0.3707,13.583333333333334,,00:13:35,0.3999999999988457,0,0.016666666666667496,2.886415943076611
8.5,,39.47036000000001,-0.37023,13.6,,00:13:36,0.6107372593859912,0,0.01666666666666572,2.8902213436251007
8.3,,39.47082000211659,-0.369730006638061,13.616666666666667,,00:13:37,0.6794080579767532,0,0.016666666666667496,2.894051338889843
8.1,,39.47128000209204,-0.3692300066648187,13.633333333333333,,00:13:38,0.6794114737432948,0,0.01666666666666572,2.898091976036347
8.0,,39.47174,-0.36873,13.65,,00:13:39,0.6794149985029192,0,0.016666666666667496,2.9020002654817683
7.8,,39.47178,-0.36864,13.666666666666666,,00:13:40,0.0984885780202126,0,0.01666666666666572,2.9055663531502707
7.7,,39.47173,-0.36847,13.683333333333334,,00:13:41,0.1772004514671652,0,0.016666666666667496,2.9086965933917392
7.5,,39.47174,-0.36817,13.7,,00:13:42,0.3001666203959642,0,0.01666666666666572,2.912108527522026
7.4,,39.47173,-0.36809,13.716666666666669,,00:13:43,0.08062257748252219,0,0.016666666666669272,2.915676731831223
7.2,,39.471810000000005,-0.36807,13.733333333333333,,00:13:44,0.08246211251629969,0,0.016666666666663943,2.9193949654256945
6.9,,39.47174,-0.36782,13.75,,00:13:45,0.25961509971712954,0,0.016666666666667496,2.9231281331999783
6.8,,39.47144,-0.3672,13.766666666666667,,00:13:46,0.6887670143070092,0,0.016666666666667496,2.9266068358903583
6.6,,39.47103000306311,-0.3663499949271896,13.783333333333331,,00:13:47,0.9437192972812437,0,0.016666666666663943,2.9302142361727226
6.5,,39.47062,-0.3655,13.8,,00:13:48,0.9437128207314786,0,0.016666666666669272,2.9338267739471986
6.3,,39.47061,-0.3655,13.816666666666666,,00:13:49,0.00999999999606871,0,0.01666666666666572,2.937519983894651
6.2,,39.47054,-0.36529,13.833333333333334,,00:13:50,0.2213594362120606,0,0.016666666666667496,2.9409339459996513
6.0,,39.47043,-0.36507,13.85,,00:13:51,0.24596747752470152,0,0.01666666666666572,2.9445644510591173
5.9,,39.47043,-0.36506,13.866666666666667,,00:13:52,0.010000000000010001,0,0.016666666666667496,2.9482557496670267
5.9,,39.47024,-0.36493,13.883333333333333,,00:13:53,0.23021728866729732,0,0.01666666666666572,2.952028999351713
5.9,,39.46995,-0.36476,13.9,,00:13:54,0.3361547262791574,0,0.016666666666667496,2.9558843698464186
5.8,,39.46944500057312,-0.3644249976300435,13.916666666666666,,00:13:55,0.6060123835581206,0,0.01666666666666572,2.9598488400077874
5.8,,39.46894,-0.36409,13.933333333333334,,00:13:56,0.6060107185353545,0,0.016666666666667496,2.9641304152835017
5.8,,39.46867,-0.36388,13.95,,00:13:57,0.3420526275301127,0,0.01666666666666572,2.9677711632255472
5.8,,39.46800000149404,-0.3634633253140041,13.966666666666669,,00:13:58,0.7889966995760453,0,0.016666666666669272,2.9711366077308643
5.8,,39.46733000150118,-0.3630466586518959,13.983333333333333,,00:13:59,0.7889937247804036,0,0.016666666666663943,2.974188042465908
5.8,,39.466660000000005,-0.36263,14.0,,00:14:00,0.7889907754718066,0,0.016666666666667496,2.97755348774678
5.8,,39.4661850005098,-0.3623149979061728,14.016666666666667,,00:14:01,0.5699568710061211,0,0.016666666666667496,2.9814022147523644
5.8,,39.46571,-362,14.033333333333331,,00:14:02,0.5699554063303298,0,0.016666666666663943,2.9850475398112
5.8,,39.46521000032976,-0.3617049978551834,14.05,,00:14:03,0.5805393489557809,0,0.016666666666669272,2.988731664925169
5.8,,39.46471,-0.36141,14.066666666666666,,00:14:04,0.5805377372128178,0,0.01666666666666572,2.992495940176791
5.8,,39.46403500038413,-0.361154997566659,14.083333333333334,,00:14:05,0.7215613088512235,0,0.016666666666667496,2.996180066393931
5.7,,39.46336,-0.3609,14.1,,00:14:06,0.7215603076489217,0,0.01666666666666572,2.9996405854290584
5.7,,39.46293,-0.36076,14.116666666666667,,00:14:07,0.4522167621852041,0,0.016666666666667496,3.0033825844700703
5.7,,39.46218,-0.36045,14.133333333333333,,00:14:08,0.8115417426142613,0,0.01666666666666572,3.0068291791619495
5.6,,39.46193,-0.36032,14.166666666666666,,00:14:10,0.28178005606687123,0,0.033333333333333215,3.0130908634659574
5.5,,39.46128,-0.35991,14.183333333333334,,00:14:11,0.7685050422738371,0,0.016666666666667496,3.0163785638473524
5.5,,39.460713335031386,-0.3594699928666412,14.2,,00:14:12,0.7174367317495389,0,0.01666666666666572,3.019815202692629
5.3,,39.460146668404754,-0.3590299928978208,14.216666666666669,,00:14:13,0.7174336473156836,0,0.016666666666669272,3.023336310894676
5.3,,39.45958,-0.35859,14.233333333333333,,00:14:14,0.7174307151746062,0,0.016666666666663943,3.0272869754939293
5.4,,39.45954,-0.35853,14.25,,00:14:15,0.07211102551238492,0,0.016666666666667496,3.0311117689387066
5.5,,39.45951,-0.35843,14.266666666666667,,00:14:16,0.10440306508774774,0,0.016666666666667496,3.03569292773089
5.6,,39.45947,-0.35826,14.283333333333331,,00:14:17,0.17464249196538636,0,0.016666666666663943,3.040655042593601
5.7,,39.45933,-0.35791,14.3,,00:14:18,0.37696153650010156,0,0.016666666666669272,3.044964710722806
5.8,,39.45908,-0.35685,14.316666666666666,,00:14:19,1.0890821823905708,0,0.01666666666666572,3.0484334553354353
5.8,,39.459010000000006,-0.35657,14.333333333333334,,00:14:20,0.2886173937917343,0,0.016666666666667496,3.05184681139424
5.8,,39.4589,-0.35649,14.35,,00:14:21,0.1360147050926206,0,0.01666666666666572,3.0557551069986926
5.7,,39.458850000000005,-0.35643,14.366666666666667,,00:14:22,0.07810249675554116,0,0.016666666666667496,3.0600638595870793
5.7,,39.45872000000001,-0.35641,14.383333333333333,,00:14:23,0.1315294643783092,0,0.01666666666666572,3.064018828157389
5.7,,39.458580000000005,-0.35588,14.4,,00:14:24,0.5481788029471203,0,0.016666666666667496,3.0680069778338543
5.7,,39.45831,-0.35514,14.416666666666666,,00:14:25,0.7877182237348693,0,0.01666666666666572,3.0722590854145757
5.7,,39.45813,-0.35483,14.433333333333334,,00:14:26,0.3584689665788726,0,0.016666666666667496,3.076485230779667
5.7,,39.457600000000006,-0.35396,14.45,,00:14:27,1.0187246929322944,0,0.01666666666666572,3.081199300281584
